filename,title,newspaper,date_clean,date,word count
2009-04-05-60JahreBRDDieWirtschaftd.txt, 60 Jahre BRD: Die Wirtschaft der 70er; Grenzen des Wachstums, süddeutsche.de,2009-04-05, 5 April 2009,  546
2018-09-07-60x135ZentimeterProtest.txt, 60 x 135 Zentimeter Protest; Rudolf Forster ließ sich 1986 von seinem Schwiegervater in der Schreinerei ein Brett zuschneiden. Da ahnte er nicht dass er damit bundesweit zu einem Symbol für den Widerstand gegen die Wiederaufbereitungsanlage WAA würde, Süddeutsche Zeitung (inkl. Regionalausgaben),2018-09-07, 7 September 2018,  1058
2011-03-22-AbschaltenabschaltenMa.txt," Abschalten abschalten!""; Mahnwache in Fürstenfeldbruck für die Opfer des Erdbebens wird zur Demonstration gegen die Kernkraft", Süddeutsche Zeitung (inkl. Regionalausgaben),2011-03-22, 22 März 2011,  555
2012-09-17-AbschaltenlöstkeinProblem.txt, Abschalten löst kein Problem, Frankfurter Allgemeine Zeitung,2012-09-17, 17 September 2012,  110
2008-05-21-AktuellesLexikonWasserwerfe.txt, Aktuelles Lexikon; Wasserwerfer, Süddeutsche Zeitung,2008-05-21, 21 Mai 2008,  233
2008-06-23-AlledreiMinutenrollteinZu.txt, Alle drei Minuten rollt ein Zug, Frankfurter Allgemeine Zeitung,2008-06-23, 23 Juni 2008,  1632
1997-04-01-AlleingegenallesOstermarsch.txt, Allein gegen alles Ostermarsch '97: 'Mehr Leute mit Zivilcourageweniger Helden' Immer weniger marschieren mit doch Helmut Wimmerlaesst sich davon nicht beirren, Sueddeutsche Zeitung,1997-04-01, April 1 1997,  1253
2010-10-28-AllesamFlussDerWasserma.txt," Alles am Fluss; Der Wassermann"" Manfred Volk und seine Turbinenphilosophie", Süddeutsche Zeitung (inkl. Regionalausgaben),2010-10-28, 28 Oktober 2010,  533
2018-04-26-AlsderDackelKrähenfüßevert.txt, Als der Dackel Krähenfüße verteilte; Aus dem Protest gegen die atomare Wiederaufbereitungsanlage in Wackersdorf entstand eine breit angelegte Bürgerbewegung. Eine Begegnung mit zweien die damals an vorderster Front stritten, Süddeutsche Zeitung (inkl. Regionalausgaben),2018-04-26, 26 April 2018,  1135
2007-06-05-AmBodenVONREINHARDMÜLLER.txt, Am Boden; VON REINHARD MÜLLER, Frankfurter Allgemeine Zeitung,2007-06-05, 05 Juni 2007,  984
2010-01-08-AngstvorAidaVerdachtaufL.txt, Angst vor Aida; Verdacht auf Linksextremismus: Finanzministerium entzieht antifaschistischem Archiv Gemeinnützigkeit, Süddeutsche Zeitung (inkl. Regionalausgaben),2010-01-08, 8 Januar 2010,  530
2011-06-14-AnsteckendnatürlichAnitaSt.txt, Ansteckend natürlich; Anita Sturm ist zu Gast beim Ottobrunner Kulturstammtisch, Süddeutsche Zeitung (inkl. Regionalausgaben),2011-06-14, 14 Juni 2011,  556
2019-08-03-AnstreicherDrahtspinnerund.txt, Anstreicher Drahtspinner und Volkszähler; Seit jeher bessern Schüler mit Ferienjobs ihr Taschengeld auf und finanzieren so die nächste Reise oder den Führerschein. Eine Ministerin ein Bürgermeister ein Fußballtrainer und andere erzählen von ihren Jugenderfahrungen, Süddeutsche Zeitung (inkl. Regionalausgaben),2019-08-03, 3 August 2019,  1523
2010-10-09-AntiAtomDemoinMünchen50.txt, Anti-Atom-Demo in München; 50.000 gegen die Atomkraft, süddeutsche.de,2010-10-09, 9 Oktober 2010,  466
2011-03-15-AntiAtomkraftDemoinMünchen.txt," Anti-Atomkraft-Demo in München; ""Abschalten! Abschalten!", süddeutsche.de,2011-03-15, 15 März 2011,  554
2006-10-17-AnwaltkritisiertLuftverkehrs.txt, Anwalt kritisiert Luftverkehrsprognosen, Süddeutsche Zeitung (inkl. Regionalausgaben),2006-10-17, 17 Oktober 2006,  96
2009-07-02-ArnulfBaringKernenergieGe.txt, Arnulf Baring; Kernenergie: Geschichte eines Realitätsverlusts, Frankfurter Allgemeine Zeitung,2009-07-02, 02 Juli 2009,  3613
2004-07-02-AtomGegnerfeierninWackersd.txt, Atom-Gegner feiern in Wackersdorf, Süddeutsche Zeitung,2004-07-02, 2 Juli 2004,  101
1995-05-29-AtomaresZwischenlagerinWack.txt, Atomares Zwischenlager in Wackersdorf, Sueddeutsche Zeitung,1995-05-29, Mai 29 1995,  207
1997-09-17-Atomkraftwerkeueberfluessigm.txt, Atomkraftwerke ueberfluessig machen   , Sueddeutsche Zeitung,1997-09-17, September 17 1997,  452
1997-11-27-AtomstromistinWahrheitimme.txt, Atomstrom ist in Wahrheit immens teuer   Zudem BerichtSolartechnik tritt aus dem Schattenin derSZvom 5.November, Sueddeutsche Zeitung,1997-11-27, November 27 1997,  698
1996-05-21-Atomzwischenlager.txt, Atomzwischenlager, Sueddeutsche Zeitung,1996-05-21, Mai 21 1996,  427
1994-12-21-AufdemGelaendederehemalige.txt, Auf dem Gelaende der ehemaligen Wiederaufarbeitungsanlage Autohersteller laesst Zulieferer anrollen. BMW bekraeftigt Versprechen in Wackersdorf zusaetzlich 1000 Arbeitsplaetze zu schaffen, Sueddeutsche Zeitung,1994-12-21, Dezember 21 1994,  507
1994-12-19-AufdemehemaligenWAAGelaend.txt, Auf dem ehemaligen WAA-Gelaende Das Wunder von Wackersdorf blieb aus. BMW aendert seine Plaene / Statt neuer Automobilfabrik Industriepark fuer Zulieferer, Sueddeutsche Zeitung,1994-12-19, Dezember 19 1994,  1094
1998-12-28-AufderLichtungwachsenBuech.txt, Auf der Lichtung wachsen Buecher Vom schwierigen Geschaeft im Bayerischen Waldanspruchsvolle Literatur herauszubringen: Wie es kam dass der Lehrer Hubert Ettl das Wagnisseines Lebens einging und Verleger wurde, Sueddeutsche Zeitung,1998-12-28, Dezember 28 1998,  923
1998-07-30-AuferstandenausWAARuinen.txt, Auferstanden aus WAA-Ruinen   , Sueddeutsche Zeitung,1998-07-30, Juli 30 1998,  372
2006-10-20-AufrufzumKampfgegendiedri.txt, Aufruf zum Kampf gegen die dritte Startbahn; Anwalt Baumann greift Gutachter an; BI-Sprecher Jürgen Steiner prophezeit den Attachingern noch mehr Lärm als die Pullinger jetzt schon haben, Süddeutsche Zeitung (inkl. Regionalausgaben),2006-10-20, 20 Oktober 2006,  434
2014-03-05-AufstandderMooswaldindianer.txt, Aufstand der Mooswaldindianer, Frankfurter Allgemeine Zeitung,2014-03-05, 05 März 2014,  1126
2018-07-23-AufstandderMutbürgerZigtau.txt, Aufstand der Mutbürger; Zigtausende demonstrieren in der Innenstadt gegen die Politik der CSU. Manche fühlen sich an Wackersdorf 1985 und die Lichterkette 1992 erinnert, Süddeutsche Zeitung (inkl. Regionalausgaben),2018-07-23, 23 Juli 2018,  1114
2013-06-18-AusbauaufAbrufSPDGrüneu.txt, Ausbau auf Abruf; SPD Grüne und Freie fordern endgültiges Ende der Startbahn-Pläne die Staatsregierung denkt aber nicht daran; Ministerpräsident Horst Seehofer will nur die Entscheidung des Verwaltungsgerichtshofs abwarten, Süddeutsche Zeitung (inkl. Regionalausgaben),2013-06-18, 18 Juni 2013,  531
2018-02-08-AusblickmitParkhausInvesti.txt, Ausblick mit Parkhaus; Investitionen in Millionenhöhe sollen den Feldberg im Schwarzwald trotz des Klimawandels als Wintersport-Ort erhalten. Die Pläne sind umstritten, Süddeutsche Zeitung (inkl. Regionalausgaben),2018-02-08, 8 Februar 2018,  1766
2014-05-12-AusstiegausderAtomkraft.txt, ; Ausstieg aus der Atomkraft; Pokern am Abgrund, s|ddeutsche.de,2014-05-12, 12 Mai 2014,  1141
1998-07-17-AutoherstellereroffnetInnova.txt, Autohersteller eroffnet Innovationspark; Auf dem ehemaligen WAA-Gelaende in Wackersdorf; BMW-Chef Pischetsrieder nennt eine Investitionssumme von300 Millionen Mark, Sueddeutsche Zeitung,1998-07-17, Juli 17 1998,  357
1995-04-08-BIRGITWEIDINGERGoldstaubimN.txt, BIRGITWEIDINGER Goldstaub im Nabel Neue Zeitschriften fuer die Jung-Frauen von heute / Die Botschaft lautet: Just be Yourself!, Sueddeutsche Zeitung,1995-04-08, April 8 1995,  2614
1995-09-18-BMWbautGewerbeparkinWacker.txt, BMW baut Gewerbepark in Wackersdorf. Autozulieferer siedeln sich auf dem ehemaligen WAA-Gelaende an, Sueddeutsche Zeitung,1995-09-18, September 18 1995,  560
1995-05-26-BMWunterschreibtKaufvertrag.txt, BMW unterschreibt Kaufvertrag fuer ehemaliges WAA-Brennelementegebaeude Die Angst vor neuem Atom-Lager weicht. Gemeinde Wackersdorf laesst ihre strahlende Zukunft endgueltig hinter sich, Sueddeutsche Zeitung,1995-05-26, Mai 26 1995,  400
2004-07-30-BadeParadiesfüreinenEuro.txt, Bade-Paradies für einen Euro; Durch eine großzügige Schenkung von Eon wird aus früheren Tagebau-Gruben die Oberpfälzer Seenplatte, Süddeutsche Zeitung,2004-07-30, 30 Juli 2004,  542
2011-03-25-BadenWürttembergElefantenru.txt, Baden-Württemberg: Elefantenrunde im TV; Brüderle - nicht mittendrin aber voll dabei, süddeutsche.de,2011-03-25, 25 März 2011,  1013
2011-03-16-BadenWürttembergJapanMapp.txt, Baden-Württemberg: Japan Mappus und die ENBW, Frankfurter Allgemeine Zeitung,2011-03-16, 16 März 2011,  587
2011-12-03-BadengegenWürttembergDie.txt, Baden gegen Württemberg?; Die Volksabstimmung über Stuttgart 21 bestätigt einige alte Wahrheiten / Von Rüdiger Soldt, Frankfurter Allgemeine Zeitung,2011-12-03, 03 Dezember 2011,  1300
2008-04-25-BarometerdesWiderstandsGrü.txt, Barometer des Widerstands; Grüne profitieren von Protesten - und drohen immer wieder an sich selbst zu scheitern, Süddeutsche Zeitung (inkl. Regionalausgaben),2008-04-25, 25 April 2008,  569
2002-04-19-BayernsMisterUmweltgehtNa.txt," Bayerns Mister Umwelt geht; Nach 33 Jahren an der Spitze des Bundes Naturschutz gibt Hubert Weinzierl den Landesvorsitz ab; ""Meine Bilanz ist nicht schlecht", Süddeutsche Zeitung,2002-04-19, 19 April 2002,  703
2014-03-29-BayernswohlältesterKommunal.txt, Bayerns wohl ältester Kommunalpolitiker; Bruno Rettelbach war mehr als sein halbes Leben unpolitisch. Erst der Kampf gegen Wackersdorf rüttelte ihn auf - da stand er kurz vor der Pensionierung. Mit 73 wurde er Stadtrat in Bad Reichenhall jetzt mit 90 hört er auf; WAA - drei Buchstaben die das Leben einer ganzen Region verändert haben; Nun hat er Reichenhall durchschaut zur Wahl trat er trotzdem nicht mehr an, Süddeutsche Zeitung (inkl. Regionalausgaben),2014-03-29, 29 März 2014,  870
1995-05-06-BayernwillkeinZwischenlager.txt, Bayern will kein Zwischenlager im Sueden, Sueddeutsche Zeitung,1995-05-06, Mai 6 1995,  115
2004-07-03-BefreitvomWirGefühlTheate.txt, Befreit vom Wir-Gefühl; Theater? Theater!, Süddeutsche Zeitung,2004-07-03, 3 Juli 2004,  601
2016-04-26-BegehrteJodtablettenWieMen.txt, Begehrte Jodtabletten; Wie Menschen Behörden und die SZ auf die Katastrophe von 1986 reagierten, Süddeutsche Zeitung (inkl. Regionalausgaben),2016-04-26, 26 April 2016,  602
2013-01-10-BerlinwieWackersdorfoderTr.txt, Berlin wie Wackersdorf oder Transrapid, Frankfurter Allgemeine Zeitung,2013-01-10, 10 Januar 2013,  76
2018-03-20-BierundBarrikadenDieRevol.txt, Bier und Barrikaden; Die Revolte hat den Jurastudenten Hartmut Wächtler geprägt. Bis heute verteidigt er Menschen gegen die Staatsmacht, Süddeutsche Zeitung (inkl. Regionalausgaben),2018-03-20, 20 März 2018,  1827
2011-03-14-Bleibtallesnochschlimmer.txt, Bleibt alles noch schlimmer, Frankfurter Allgemeine Zeitung,2011-03-14, 14 März 2011,  1269
2007-05-25-BlickindiePresse.txt, Blick in die Presse, Süddeutsche Zeitung,2007-05-25, 25 Mai 2007,  388
2013-04-25-BrüterzuFlugbahnen.txt, Brüter zu Flugbahnen, Frankfurter Allgemeine Zeitung,2013-04-25, 25 April 2013,  1325
1995-07-06-BuergerentscheidimLandtagbe.txt, Buergerentscheid im Landtag behandelt CSU beschliesst Gegenentwurf. Zustimmungsquorum soll bei 25 Prozent liegen, Sueddeutsche Zeitung,1995-07-06, Juli 6 1995,  414
1994-08-10-BuerokratenblockierenEinsatz.txt, Buerokraten blockieren Einsatz der Photovoltaik Keine Sonnenenergie fuer Kleingaertner. Innenminister lehnt Solarmodule auf Laubendaechern ebenso strikt ab wie die Funktionaere, Sueddeutsche Zeitung,1994-08-10, August 10 1994,  1054
2010-10-08-BürgerprotestundParlament.txt, Bürgerprotest und Parlament, Frankfurter Allgemeine Zeitung,2010-10-08, 08 Oktober 2010,  99
2010-10-06-BürgerwillenmissachtetTü.txt," Bürgerwillen missachtet""; Tübingens grüner OB Boris Palmer über Stuttgart 21", Süddeutsche Zeitung (inkl. Regionalausgaben),2010-10-06, 6 Oktober 2010,  680
2011-10-31-CSUtrauertumKarlHillermeie.txt, CSU trauert um Karl Hillermeier, Süddeutsche Zeitung (inkl. Regionalausgaben),2011-10-31, 31 Oktober 2011,  237
2011-01-10-ChinaunddieTechnikdesSchn.txt, China und die Technik des Schnellen Brüters, Frankfurter Allgemeine Zeitung,2011-01-10, 10 Januar 2011,  251
2011-01-08-Chinaunddiefastunerschöpfl.txt, China und die fast unerschöpfliche Energiequelle, Frankfurter Allgemeine Zeitung,2011-01-08, 08 Januar 2011,  368
2009-12-18-ClemensburginSchwabingAuf.txt, Clemensburg in Schwabing; Auf ein Bier bei einer 100-Jährigen, süddeutsche.de,2009-12-18, 18 Dezember 2009,  815
2014-09-24-CoolaberanspruchsvollKrim.txt, Cool aber anspruchsvoll; Kriminaldirektor Armin Aumüller 47 leitet am Münchner Polizeipräsidium das Fahndungsdezernat mit 170 Ermittlern, Süddeutsche Zeitung (inkl. Regionalausgaben),2014-09-24, 24 September 2014,  1153
2011-07-01-DasEndedesFortschritts.txt, Das Ende des Fortschritts, Frankfurter Allgemeine Zeitung,2011-07-01, 01 Juli 2011,  1354
2018-11-03-DasErbevonWackersdorfDie.txt, Das Erbe von Wackersdorf; Die geplante Wiederaufbereitungsanlage provozierte einst einen Aufstand in der Oberpfalz. Aus der Fabrik wurde nichts die Lex Schuierer' gilt bis heute, Süddeutsche Zeitung (inkl. Regionalausgaben),2018-11-03, 3 November 2018,  969
2011-04-30-DasPhänomenStuttgart21Das.txt, Das Phänomen Stuttgart 21; Das Bahnprojekt erzürnt die Menschen in Baden-Württemberg. Auch andere Vorhaben sind an ihrem Widerstand schon gescheitert, Süddeutsche Zeitung (inkl. Regionalausgaben),2011-04-30, 30 April 2011,  733
2011-04-05-DasRestrisikoinderJustiz.txt, Das Restrisiko in der Justiz, Süddeutsche Zeitung (inkl. Regionalausgaben),2011-04-05, 5 April 2011,  344
2011-04-30-DasSpaßkraftwerkDerSchnell.txt, Das Spaßkraftwerk; Der Schnelle Brüter bei Kalkar sollte einst Plutonium erzeugen - heute besaufen sich Männerhorden auf dem Atomgelände und im Kühlturm fahren Familien Karussell, Süddeutsche Zeitung (inkl. Regionalausgaben),2011-04-30, 30 April 2011,  1703
1995-02-24-DasStreiflicht.txt, Das Streiflicht, Sueddeutsche Zeitung,1995-02-24, Februar 24 1995,  227
2018-05-12-DasWackersdorfGefühlDerPr.txt, Das Wackersdorf-Gefühl; Der Protest gegen das Polizeiaufgabengesetz treibt 30 000 auf die Straße. Es könnte der Auftakt zu einem neuen Kulturkampf in Bayern sein, Süddeutsche Zeitung (inkl. Regionalausgaben),2018-05-12, 12 Mai 2018,  1318
1999-06-05-DasWundervonWackersdorfVor.txt, Das Wunder von Wackersdorf Vor zehn Jahren wurde das Ende der Wiederaufarbeitungsanlage besiegelt, Sueddeutsche Zeitung,1999-06-05, Juni 5 1999,  847
2010-11-26-DemBewahrenSchönenGuten.txt, Dem Bewahren Schönen Guten, Süddeutsche Zeitung (inkl. Regionalausgaben),2010-11-26, 26 November 2010,  2276
2011-10-01-DemFeindbildverpflichtetDi.txt, Dem Feindbild verpflichtet; Die Umweltschützer kämpfen kompromisslos gegen Atom- und Gentechnik / Von Henning Peitsmeier, Frankfurter Allgemeine Zeitung,2011-10-01, 01 Oktober 2011,  1128
1996-04-29-DemonstrationenzumTschernoby.txt, Demonstrationen zum Tschernobyl-Jahrestag Schmerzhafte Erinnerung. Gerald Haefner bekommt die bayerische Art zu spueren, Sueddeutsche Zeitung,1996-04-29, April 29 1996,  280
2011-06-24-DerBauzaunmuseumsreifGift.txt, Der Bauzaun museumsreif; Giftgrün mit Baumstämmen angegriffen von Wasserwerfern verteidigt im CS-Gas-Nebel - und zum Schrottpreis verkauft, Süddeutsche Zeitung (inkl. Regionalausgaben),2011-06-24, 24 Juni 2011,  549
1997-02-20-DerCastorBoykotttreibtden.txt, Der Castor-Boykott treibt den Plutonium-Kreislauf an   Die Alternative zum Zwischenlager Gorleben ist die, Sueddeutsche Zeitung,1997-02-20, Februar 20 1997,  2320
1994-01-27-DerDGBaufderSuchenachneu.txt, Der DGB auf der Suche nach neuen Perspektiven Alte Feindbilder verschwinden. Strukturreform und Personalfragen beschaeftigen die 15. Landesbezirkskonferenz, Sueddeutsche Zeitung,1994-01-27, Januar 27 1994,  734
2019-11-09-DerFörsterBUNDChefWeiger.txt, Der Förster; BUND-Chef Weiger hört auf, Süddeutsche Zeitung (inkl. Regionalausgaben),2019-11-09, 9 November 2019,  461
2001-06-13-DerKKomplex.txt, Der K-Komplex, Sueddeutsche Zeitung,2001-06-13, Juni 13 2001,  861
2014-06-06-DerKugelhaufenvonJülich.txt, Der Kugelhaufen von Jülich, Frankfurter Allgemeine Zeitung,2014-06-06, 06 Juni 2014,  2337
1994-03-03-DerMilliardenflop.txt, Der Milliardenflop, Sueddeutsche Zeitung,1994-03-03, Maerz 3 1994,  292
2010-10-09-DerProtestwirdnichteinma.txt," Der Protest wird nicht einmal die CSU kalt lassen""; Die Biermösl Blosn spielt am Samstag auf der Anti-Atom-Demonstration in München - Hans Well erklärt warum", Süddeutsche Zeitung (inkl. Regionalausgaben),2010-10-09, 9 Oktober 2010,  530
1994-10-14-DerRueckzugindasKuckucksei.txt, Der Rueckzug in das Kuckucksei. Mit welchen Gefuehlen sich drei Gruene im Landtag verabschieden, Sueddeutsche Zeitung,1994-10-14, Oktober 14 1994,  227
2001-08-29-DerVWKaeferDaswardieBRD.txt, Der VW-Kaefer Das war die BRD (35), Sueddeutsche Zeitung,2001-08-29, August 29 2001,  1214
2017-09-02-DerWAAhnsinngehtweiterDer.txt, Der WAAhnsinn geht weiter; Der Produzent Ingo Fliess plant einen Kinofilm über Wackersdorf, Süddeutsche Zeitung (inkl. Regionalausgaben),2017-09-02, 2 September 2017,  685
2016-02-06-DerWackereHansSchuiererha.txt, Der Wackere; Hans Schuierer hat als SPD-Landrat gegen die Wiederaufarbeitungsanlage gekämpft und Franz Josef Strauß besiegt. Der kernige Oberpfälzer feiert an diesem Samstag seinen 85. Geburtstag, Süddeutsche Zeitung (inkl. Regionalausgaben),2016-02-06, 6 Februar 2016,  1004
2017-04-04-DerholdenKunstverfallenHe.txt, Der holden Kunst verfallen; Heinrich Braun ist erster Solokontrabassist beim BR-Symphonieorchester. Dass er seinen Nachwuchs auch für seine Leidenschaft begeistern kann ist offensichtlich: Von sieben Kindern sind oder werden fünf Musik-Profis, Süddeutsche Zeitung (inkl. Regionalausgaben),2017-04-04, 4 April 2017,  1914
2003-11-12-DerlangeAbschiedderaltenK.txt, Der lange Abschied der alten Kernies; Ende dieser Woche wird der Atommeiler Stade abgeschaltet - doch als Arbeitsstätte wird es das Kernkraftwerk noch lange geben, Süddeutsche Zeitung,2003-11-12, 12 November 2003,  1513
2011-06-27-DerletzteAufstandDieAnti.txt, Der letzte Aufstand; Die Anti-Atombewegung brachte Andrea Asch einst zu den Grünen - nun hat sie vergeblich dagegen gekämpft dass ihre Partei Angela Merkel folgt, Süddeutsche Zeitung (inkl. Regionalausgaben),2011-06-27, 27 Juni 2011,  539
2019-10-26-DerÜberfliegerSeit60Jahre.txt, Der Überflieger; Seit 60 Jahren ist der Pöringer Pilot Dieter Verbarg auf den Luftstraßen der Welt unterwegs. Unlängst hat der 74-Jährige in einem Film über die Wiederaufarbeitungsanlage in Wackersdorf mitgespielt. Nun will er einen Landeplatz in Zorneding beantragen, Süddeutsche Zeitung (inkl. Regionalausgaben),2019-10-26, 26 Oktober 2019,  1174
2019-12-14-DieCSUgibtdenWiderstandau.txt, Die CSU gibt den Widerstand auf; Hans Schuierer einst SPD-Landrat und Anführer der WAA-Gegner erhält die Verfassungsmedaille in Silber. Der 88-Jährige nimmt die späte Ehrung gelassen hin: Sie habe mit seinem Alter zu tun, Süddeutsche Zeitung (inkl. Regionalausgaben),2019-12-14, 14 Dezember 2019,  769
2012-01-14-DieDemonstrationfrisstihre.txt, Die Demonstration frisst ihre Kinder, Frankfurter Allgemeine Zeitung,2012-01-14, 14 Januar 2012,  1285
2009-06-20-DieEntdeckungderUmweltAuf.txt, Die Entdeckung der Umwelt; Aufmüpfige Studenten brachten die Schubkraft für eine grüne Bewegung und wirkten nachhaltig in alle Parteien hinein, Süddeutsche Zeitung (inkl. Regionalausgaben),2009-06-20, 20 Juni 2009,  1564
2011-04-06-DieErfinderdessanftenAtoma.txt, Die Erfinder des sanften Atomausstiegs; Gauweiler und Söder erklären im Fürstenrieder Festzelt wie die CSU sich schon seit 20 Jahren von Kernenergie distanziert, Süddeutsche Zeitung (inkl. Regionalausgaben),2011-04-06, 6 April 2011,  578
2008-04-25-DieGrünenblüheninderStarn.txt, Die Grünen blühen in der Starnberger Au auf; Am 25. April 1978 gründet sich in der Starnberger Gaststätte der erste bayerische Kreisverband / Parteiname in Krailling erfunden, Süddeutsche Zeitung (inkl. Regionalausgaben),2008-04-25, 25 April 2008,  873
2010-10-02-DieNachtinderdieerstenB.txt, Die Nacht in der die ersten Bäume fielen, Frankfurter Allgemeine Zeitung,2010-10-02, 02 Oktober 2010,  1223
1998-07-16-DieProminenzfeiertdasWund.txt, Die Prominenz feiert das 'Wunder vonWackersdorf' Ministerpraesident und Automobilboss eroffnenheute in der Oberpfalz den 'BMW-Industriepark' Auf dem Gelaende der gescheiterten Atomfabrik stehtinzwischen ein Technologiezentrum mit 2000Arbeitsplaetzen, Sueddeutsche Zeitung,1998-07-16, Juli 16 1998,  680
2013-07-31-DieSacheistunerfreulichwi.txt, Die Sache ist unerfreulich wir sagen nichts dazu, Frankfurter Allgemeine Zeitung,2013-07-31, 31 Juli 2013,  1803
1998-06-05-DieStorfaellenehmenkeinEnd.txt, Die Storfaelle nehmen kein Ende   , Sueddeutsche Zeitung,1998-06-05, Juni 5 1998,  186
1997-12-23-DieTagedesselbstverwalteten.txt, Die Tage des selbstverwalteten KOMM sind gezaehlt Die letzte Schlacht am Koenigstor Am 1. Januar geht die Einrichtung in staedtischeTraegerschaft ueber / Noch eine spanischeSilvesterfeier?, Sueddeutsche Zeitung,1997-12-23, Dezember 23 1997,  581
2011-03-10-DieUnbeugsamen35Jahrepoli.txt, Die Unbeugsamen; 35 Jahre politische Dokumentarfilmarbeit - die Münchner Filmemacher Bertram Verhaag und Claus Strigel, Süddeutsche Zeitung (inkl. Regionalausgaben),2011-03-10, 10 März 2011,  1119
2018-01-08-DieWiderspenstigenIneinem.txt, Die Widerspenstigen; In einem Sonderheft zum 100. Geburtstags des Freistaats durchleuchten Historiker und Fachleute den Charakter des Landes - mit neuen Antworten, Süddeutsche Zeitung (inkl. Regionalausgaben),2018-01-08, 8 Januar 2018,  1005
2018-10-06-DieWocheinBayernEslohnt.txt, Die Woche in Bayern; Es lohnt sich für demokratische Werte zu kämpfen, süddeutsche.de,2018-10-06, 6 Oktober 2018,  740
2019-05-20-DieZeitistreiffüreinUmde.txt, Die Zeit ist reif für ein Umdenken; Seit Februar organisiert der Freisinger Ernst Hörmann Mahnwachen am Marienplatz. Er will darauf aufmerksam machen dass jetzt mehr gegen den Klimawandel getan werden muss als nur Müll zu trennen, Süddeutsche Zeitung (inkl. Regionalausgaben),2019-05-20, 20 Mai 2019,  1117
2019-04-13-DieZukunftrolltRezeptegeg.txt, Die Zukunft rollt; Rezepte gegen den Notstand: Wie eine Pflegeversicherung ausschauen soll und warum aus der Karwoche eine Care-Woche werden muss, Süddeutsche Zeitung (inkl. Regionalausgaben),2019-04-13, 13 April 2019,  1087
2019-02-02-DieZäsur30JahrenachdemK.txt, Die Zäsur; 30 Jahre nach dem Kampf um die WAA in Wackersdorf beginnt die historische Einordnung des Protests. Das Verhältnis von Staat und Bürger hat sich gewandelt, Süddeutsche Zeitung (inkl. Regionalausgaben),2019-02-02, 2 Februar 2019,  1305
2013-05-21-DiedeutscheZweifelsfrage.txt, Die deutsche Zweifelsfrage, Frankfurter Allgemeine Zeitung,2013-05-21, 21 Mai 2013,  3582
2001-10-24-DonauAusbauentzweitGrueneu.txt, Donau-Ausbau entzweit Gruene und SPD, Sueddeutsche Zeitung,2001-10-24, Oktober 24 2001,  306
2001-10-24-DonauAusbauentzweitGrüneund.txt, Donau-Ausbau entzweitGrüne und SPD, Süddeutsche Zeitung,2001-10-24, 24 Oktober 2001,  398
2001-10-02-DonauausbaufuerGrueneeinne.txt, Donauausbau fuer Gruene ein neues Wackersdorf, Sueddeutsche Zeitung,2001-10-02, Oktober 2 2001,  155
2016-09-10-DreiFarbenGrünVielfaltund.txt, Drei Farben Grün; Vielfalt und Leidenschaft der Partei sollen in der Urwahl ihrer Spitzenkandidaten sichtbar werden so hofft die Führung. Sichtbar wird aber auch ihre Suche nach einer neuen Rolle im Parteiengefüge, Süddeutsche Zeitung (inkl. Regionalausgaben),2016-09-10, 10 September 2016,  1070
2013-04-11-ENDLAGERSUCHEExperimentOffe.txt, ENDLAGERSUCHE; Experiment Offenheit; Ist die deutsche Gesellschaft reif genug für dieses neue Verfahren?, Süddeutsche Zeitung (inkl. Regionalausgaben),2013-04-11, 11 April 2013,  764
1996-04-30-EigentlichgebuehrtihmderBa.txt, Eigentlich gebuehrt ihm der Bayerische Verdienstorden. Landrat Hans Schuierer einst entschiedener Gegner der WAA in Wackersdorf geht in den Ruhestand, Sueddeutsche Zeitung,1996-04-30, April 30 1996,  720
2007-04-07-EinAlphaMännchenzuvielJü.txt, Ein Alpha-Männchen zu viel; Jürgen Rüttgers und Werner Müller mögen sich nicht. Nun will Rüttgers verhindern dass Müller die geplante Kohlestiftung leitet., Frankfurter Allgemeine Zeitung,2007-04-07, 07 April 2007,  1048
1998-11-10-EinHauchvonKreuthbeimBund.txt, Ein Hauch von Kreuth beim Bund Naturschutz Turbulente Delegiertenversammlung in Bad Hersfeld, Sueddeutsche Zeitung,1998-11-10, November 10 1998,  1436
2008-11-06-EinJuniorvomFernsehenDie.txt, Ein Junior vom Fernsehen; Die ARD und die Stasi: Ein neuer irritierender Verdacht - auch der Klerus ist verwickelt, Süddeutsche Zeitung (inkl. Regionalausgaben),2008-11-06, 6 November 2008,  1139
2007-04-03-EinKonservativerdendieVer.txt, Ein Konservativer den die Vergangenheit verfolgte; Zum Tode des früheren baden-württembergischen Ministerpräsidenten Hans Filbinger, Frankfurter Allgemeine Zeitung,2007-04-03, 03 April 2007,  511
2011-03-26-EinLandunterWechselstromI.txt, Ein Land unter Wechselstrom; In Baden-Württemberg läuft alles auf die Grünen und die SPD zu - fraglich ist nur wer Koch und wer Kellner wird, Süddeutsche Zeitung (inkl. Regionalausgaben),2011-03-26, 26 März 2011,  796
2005-03-09-EinMannfüralleStörfälle.txt, Ein Mann für alle Störfälle, Süddeutsche Zeitung,2005-03-09, 9 März 2005,  418
1997-06-18-EinMusikersingtfuerGagea.txt, Ein Musiker 'singt'fuer Gage aus der DDR 49jaehriger als Stasi-Spion vor Gericht Stoerfallanalysen bei Atom-Abfaellen an SED-Staatverraten, Sueddeutsche Zeitung,1997-06-18, Juni 18 1997,  880
1995-03-20-EinTestspielmitErleuchtung.txt, Ein Testspiel mit Erleuchtung. In Freiburg soll bald das erste Stadion mit Solarzellen stehen und sein bester Propagandist ist der Trainer des phaenomenalen SC, Sueddeutsche Zeitung,1995-03-20, Maerz 20 1995,  1360
2018-11-07-EinVersuchbleibtnochWoei.txt, Ein Versuch bleibt noch; Wo einst nach Braunkohle gebaggert wurde versucht der Steinberger Yacht-Club seit Jahren in die Segel-Bundesliga aufzusteigen. Doch die Oberpfälzer tun sich wie auch der Diessner Segel-Club schwer: Der Qualifikationsmodus wurde geändert und die Kosten sind hoch, Süddeutsche Zeitung (inkl. Regionalausgaben),2018-11-07, 7 November 2018,  858
2018-09-19-EinZeugnisgroßerÜberhebli.txt, Ein Zeugnis großer Überheblichkeit'; Sieben Jahre hat der Münchner Regisseur Oliver Haffner an seinem Spielfilm Wackersdorf' gearbeitet und dabei Leute kennengelernt die bis heute auf eine Entschuldigung des Staates warten, Süddeutsche Zeitung (inkl. Regionalausgaben),2018-09-19, 19 September 2018,  1041
2007-12-07-Einbisschenschwangergibte.txt,"Ein bisschen schwanger gibt es nicht""; CSU-Landtagsfraktion fordert von Ministerpräsident Beckstein klarer für den Transrapid einzutreten", Süddeutsche Zeitung,2007-12-07, 7 Dezember 2007,  462
2004-10-01-EindickfelligerOberpfälzerD.txt, Ein dickfelligerOberpfälzer; Der CSU-Politiker Gustl Lang ist mit 75 Jahren gestorben, Süddeutsche Zeitung,2004-10-01, 1 Oktober 2004,  509
2011-03-09-EineschmerzhafteGeschichte.txt, Eine schmerzhafte Geschichte; In Ingolstadt soll ein Museum die Arbeit der Polizei im vergangenen Jahrhundert dokumentieren, Süddeutsche Zeitung (inkl. Regionalausgaben),2011-03-09, 9 März 2011,  1024
1998-06-09-EineziemlichschlechteAusstr.txt, Eine ziemlich schlechte Ausstrahlung Die Atomwirtschaft nach dem Castor -Skandal:'Getroffen bis ins Mark' Die Nuklearbranche leidet am GAU ihrer aufgeflogenenVertuschungsmanover - einige hissen dieweisse Fahne aber andere bereiten eine Offensive vor, Sueddeutsche Zeitung,1998-06-09, Juni 9 1998,  1677
2009-12-19-EinfachandersSieerlebtedi.txt, Einfach anders; Sie erlebte die Räterepublik und zwei Weltkriege mit: Die Traditionskneipe Clemensburg besteht seit 100 Jahren, Süddeutsche Zeitung (inkl. Regionalausgaben),2009-12-19, 19 Dezember 2009,  815
1994-12-12-EinfeierlichesVersprechen.txt, Ein feierliches Versprechen, Sueddeutsche Zeitung,1994-12-12, Dezember 12 1994,  494
2009-05-23-EinigkeitundRechtundWohlst.txt, Einigkeit und Recht und Wohlstand; Wogen des Misstrauens; Nach der Erfahrung der NS-Diktatur entwickelten viele Deutsche eine Aversion gegen staatliche Kontrolle - und wehrten sich, Süddeutsche Zeitung (inkl. Regionalausgaben),2009-05-23, 23 Mai 2009,  1803
2011-06-08-EinigungwargesternKaumist.txt, Einigung war gestern; Kaum ist der Atomausstieg beschlossen distanziert sich die FDP vom Koalitionspartner Union, Süddeutsche Zeitung (inkl. Regionalausgaben),2011-06-08, 8 Juni 2011,  673
2012-08-30-EinlangerWegDerRückbauvo.txt, Ein langer Weg; Der Rückbau von Kernkraftwerken ist machbar. Doch die Lagerung von Atommüll bleibt ein Problem, Süddeutsche Zeitung (inkl. Regionalausgaben),2012-08-30, 30 August 2012,  1113
2011-10-19-EinsamerDemonstrantLudwigL.txt, Einsamer Demonstrant; Ludwig Lehner aus Niederbayern protestiert im Zweifelsfall auch ganz allein, Süddeutsche Zeitung (inkl. Regionalausgaben),2011-10-19, 19 Oktober 2011,  228
2013-03-21-ElsässischeLektionen.txt, Elsässische Lektionen, Frankfurter Allgemeine Zeitung,2013-03-21, 21 März 2013,  570
2008-03-28-EndeschlechtallesgutWaru.txt, Ende schlecht alles gut; Warum die CSU eher erleichtert ist, Süddeutsche Zeitung,2008-03-28, 28 März 2008,  729
1994-04-21-EndlageraufderlangenBank.txt, Endlager auf der langen Bank, Sueddeutsche Zeitung,1994-04-21, April 21 1994,  400
2013-04-12-EndlagersuchealsReifeprüfung.txt, Endlagersuche als Reifeprüfung, Frankfurter Allgemeine Zeitung,2013-04-12, 12 April 2013,  103
1996-05-17-Energiekonsensaberwie.txt, Energiekonsens - aber wie?, Sueddeutsche Zeitung,1996-05-17, Mai 17 1996,  920
1994-08-02-EngagementfuerTschernobylge.txt, Engagement fuer Tschernobyl-geschaedigte Kinder Fruehere WAA-Gegner helfen Atomopfern, Sueddeutsche Zeitung,1994-08-02, August 2 1994,  667
2007-05-14-ErdingersetzenZeichenTause.txt, Erdinger setzen Zeichen; Tausende aus dem Landkreis pilgern nach München, Süddeutsche Zeitung (inkl. Regionalausgaben),2007-05-14, 14 Mai 2007,  396
2011-03-27-ErfolgsgeschichteeinerPartei.txt, Erfolgsgeschichte einer Partei; Alles im grünen Bereich, süddeutsche.de,2011-03-27, 27 März 2011,  944
2010-10-23-ErinnerungenanWackersdorf.txt, Erinnerungen an Wackersdorf, Süddeutsche Zeitung (inkl. Regionalausgaben),2010-10-23, 23 Oktober 2010,  72
1995-09-16-ErsterSpatenstichbeiBMWin.txt, Erster Spatenstich bei BMW in Wackersdorf, Sueddeutsche Zeitung,1995-09-16, September 16 1995,  89
2006-04-25-EsbegannmiteinemHüttendorf.txt, Es begann mit einem Hüttendorf / Von Stefan Dietrich, Frankfurter Allgemeine Zeitung,2006-04-25, 25 April 2006,  1046
2008-12-29-EsflutschtauchinderFlaute.txt, Es flutscht auch in der Flaute; Der Schmieröl-Spezialist Liqui Moly hat schon bessere Jahre gesehen. Trotzdem wird niemand entlassen - eher verkauft der Chef sein Schloss sagt er, Süddeutsche Zeitung (inkl. Regionalausgaben),2008-12-29, 29 Dezember 2008,  924
2010-09-20-Esgehtwiedervonvornlos.txt," Es geht wieder von vorn' los""; Hans Söllner kommt zur Mahnwache vor dem Atomkraftwerk Isar 1 - voller Wut und Frust", Süddeutsche Zeitung (inkl. Regionalausgaben),2010-09-20, 20 September 2010,  723
2010-07-23-EswardasLiedderWyhlerBau.txt, Es war das Lied der Wyhler Bauern und Winzer, Frankfurter Allgemeine Zeitung,2010-07-23, 23 Juli 2010,  194
1998-12-31-ExotischesausdemLandderBay.txt, Exotisches ausdem Land der BayWa   Silvester: Einstuendiger Spassmit der Biermosl Blosn, Sueddeutsche Zeitung,1998-12-31, Dezember 31 1998,  270
2018-09-22-FILMTIPPDESTAGESAufstandi.txt, FILMTIPP DES TAGES; Aufstand in Wackersdorf, Süddeutsche Zeitung (inkl. Regionalausgaben),2018-09-22, 22 September 2018,  158
2015-08-31-FRANZJOSEFSTRAUSSBayernüb.txt, FRANZ JOSEF STRAUSS; Bayern über alles, Süddeutsche Zeitung (inkl. Regionalausgaben),2015-08-31, 31 August 2015,  755
2019-03-28-FREITAGSSCHÜLERPROTESTEHalt.txt, FREITAGS-SCHÜLERPROTESTE; Haltung zeigen und Klimaschutz einfordern, Süddeutsche Zeitung (inkl. Regionalausgaben),2019-03-28, 28 März 2019,  688
1998-05-25-FamilienfreundlicheEkstase60.txt, Familienfreundliche Ekstase 60000 Techno-Juenger am Samstag beim 'UnionMove' Bei der Freiluft-Disco geht es laengst nicht mehr solebhaft zu wie in frueheren Jahren, Sueddeutsche Zeitung,1998-05-25, Mai 25 1998,  417
1998-06-09-FehlinvestitionenundPreisabs.txt, Fehlinvestitionen und Preisabsprachen   , Sueddeutsche Zeitung,1998-06-09, Juni 9 1998,  323
2012-04-11-FeststehtgarnichtsZurBer.txt, Fest steht gar nichts; Zur Berichterstattung über das Brucker Windrad, Süddeutsche Zeitung (inkl. Regionalausgaben),2012-04-11, 11 April 2012,  541
2011-07-01-FeuerundAscheDieAntiAtom.txt, Feuer und Asche; Die Anti-Atom-Bewegung hat gesiegt - eine kleine Geschichte des Widerstands, Süddeutsche Zeitung (inkl. Regionalausgaben),2011-07-01, 1 Juli 2011,  763
2019-07-03-FilmabendeunterfreiemHimmel.txt, Filmabende unter freiem Himmel; Eine Woche lang zeigt der Freisinger Verein Prima leben und stereo' beim Kino am Rang' wieder Streifen ganz unterschiedlicher Genres. Davor wird jeweils der Riesengrill für alle angeheizt, Süddeutsche Zeitung (inkl. Regionalausgaben),2019-07-03, 3 Juli 2019,  427
2018-09-20-FilmstartsderWocheWelcheF.txt, Filmstarts der Woche; Welche Filme sich lohnen und welche nicht, süddeutsche.de,2018-09-20, 20 September 2018,  898
2015-11-06-FraktionschefWieHofreiter.txt, ; Fraktionschef; Wie Hofreiter die Gr|nen in die Bundestagswahl f|hren will, s|ddeutsche.de,2015-11-06, 6 November 2015,  431
2015-06-27-FrauWolkeMitteninDeutschl.txt," Frau Wolke; Mitten in Deutschland kommt es in einem Kernkraftwerk zum Super-GAU: Gudrun Pausewang hat mit ihrem Anti-Atomkraft-Roman Die Wolke"" Generationen geprägt. Jetzt wird der Reaktor abgeschaltet um den es in dem Buch geht. Unterwegs mit der Schriftstellerin nach Grafenrheinfeld", Süddeutsche Zeitung (inkl. Regionalausgaben),2015-06-27, 27 Juni 2015,  2038
2018-03-03-FreiheitbiszuletztAchimBe.txt, Freiheit bis zuletzt; Achim Bergmann das Herz und die Seele des Münchner Independent-Labels Trikont ist tot. Seine Weggefährten sind fassungslos. Die Trauerfeier für den bayerischen Anarchisten' ist am 9. März, Süddeutsche Zeitung (inkl. Regionalausgaben),2018-03-03, 3 März 2018,  1231
1996-05-28-FreizeitparkKalkarKinderspie.txt, Freizeitpark Kalkar Kinderspiel im Kernkraftwerk. Ruine des Schnellen Brueters zieht nur wenige Besucher an, Sueddeutsche Zeitung,1996-05-28, Mai 28 1996,  374
2011-06-07-GanzDeutschlandwieStuttgart.txt, Ganz Deutschland wie Stuttgart? Das durfte nicht sein!, Frankfurter Allgemeine Zeitung,2011-06-07, 07 Juni 2011,  2675
1996-04-19-GegenForschungsreaktorKernkr.txt, Gegen Forschungsreaktor Kernkraftgegner machen mobil, Sueddeutsche Zeitung,1996-04-19, April 19 1996,  110
1994-11-23-GegenGorlebenDieWAAGegner.txt, Gegen Gorleben Die WAA-Gegner formieren sich wieder, Sueddeutsche Zeitung,1994-11-23, November 23 1994,  142
2010-04-10-GegnersetzenaufdieFaktoren.txt, Gegner setzen auf die Faktoren Zeit und Geld; Bürgerinitiativen hoffen noch einmal viele Menschen zu Einwendungen motivieren zu können, Süddeutsche Zeitung (inkl. Regionalausgaben),2010-04-10, 10 April 2010,  1073
2008-04-11-GeldkannAidsbekommenGer.txt,"Geld kann Aids bekommen""; Gerhard Polt und die Biermösl Blosn über die Finanzkrise stinkende Rollmöpse in der Bank und Erfahrungen als Schnapsverkäufer", Süddeutsche Zeitung,2008-04-11, 11 April 2008,  1828
2016-07-02-GemeinsamerTriumphDieProte.txt, Gemeinsamer Triumph; Die Protestbewegung gegen die Wiederaufbereitungsanlage für Aluminiumsalzschlacke in Geiselbullach feiert 25. Jubiläum. Erfolgreich verhinderten Bürgerinitiativen Politiker und Naturschützer den Bau, Süddeutsche Zeitung (inkl. Regionalausgaben),2016-07-02, 2 Juli 2016,  951
2011-04-09-GepflegteBeleidigungenSeine.txt, Gepflegte Beleidigungen; Seine Strauß-Parodie hat den Kabarettisten Helmut Schleich populär gemacht - am 12. April startet sein neues Programm, Süddeutsche Zeitung (inkl. Regionalausgaben),2011-04-09, 9 April 2011,  1348
2011-03-14-GermanAngstHansSöllnersin.txt, German Angst; Hans Söllner singt 60 000 demonstrieren und Guido Westerwelle spricht viel über die Hundestaffel: Das Wochenende von Japan bescherte Deutschland eine Reise zurück in die 1980er Jahre., Süddeutsche Zeitung (inkl. Regionalausgaben),2011-03-14, 14 März 2011,  915
1997-05-03-GigantischeSummen.txt, Gigantische Summen   , Sueddeutsche Zeitung,1997-05-03, Mai 3 1997,  626
2006-09-09-GlaubeHeimatFamilieVonM.txt, Glaube Heimat Familie; Von Matthias Drobinski, Süddeutsche Zeitung,2006-09-09, 9 September 2006,  1135
2018-12-10-GrenzschutzvorderStaatsoper.txt, Grenzschutz vor der Staatsoper; Hunderte fordern den Rücktritt von Horst Seehofer und wollen rechte Rhetorik in die Schranken weisen, Süddeutsche Zeitung (inkl. Regionalausgaben),2018-12-10, 10 Dezember 2018,  926
1998-01-27-GrueneParlamentariermuessen.txt, Gruene Parlamentarier muessen Federn lassen Deutliche Denkzettel bei Nominierung fuer den Landtag Neben Bernd Schreyer landen weitere prominente Abgeordneteim Abseits, Sueddeutsche Zeitung,1998-01-27, Januar 27 1998,  577
2010-10-11-GrößteAntiAtomDemoseitWac.txt," Größte Anti-Atom-Demo seit Wackersdorf; Ab - schal - ten"": 50 000 Kernkraftgegner bilden eine zehn Kilometer lange Menschenkette durch München", Süddeutsche Zeitung (inkl. Regionalausgaben),2010-10-11, 11 Oktober 2010,  544
2003-12-09-GrünebeugensichdemDruckde.txt, Grüne beugen sich dem Druck des Kanzlers; Verkauf der Hanauer Fabrik an China nicht zu stoppen / Aber keine Exportbürgschaft für Siemens bei AKW in Finnland; Geschäfte mit Atomanlagen, Süddeutsche Zeitung,2003-12-09, 9 Dezember 2003,  482
2019-08-29-GrünerwirdsnichtMarkusSö.txt," Grüner wird""s nicht; Markus Söder bekommt gerade nicht genug vom Bäumepflanzen und Bienenretten. Kommt gut an beim Wähler bei der CSU nicht ganz so gut. Die Frage ist: Meint er das ernst?", Süddeutsche Zeitung (inkl. Regionalausgaben),2019-08-29, 29 August 2019,  2999
2010-12-14-GrünetrauernumArminWeiß.txt, Grüne trauern um Armin Weiß, Süddeutsche Zeitung (inkl. Regionalausgaben),2010-12-14, 14 Dezember 2010,  283
2018-10-08-HAMBACHERFORSTVonexistenzi.txt, HAMBACHER FORST; Von existenzieller Bedeutung, Süddeutsche Zeitung (inkl. Regionalausgaben),2018-10-08, 8 Oktober 2018,  1311
2018-09-20-HEUTE.txt, HEUTE, Süddeutsche Zeitung (inkl. Regionalausgaben),2018-09-20, 20 September 2018,  58
2007-08-14-HalbwertzeitenimSeegrasTh.txt,"Halbwertzeiten"" im Seegras-Theater", Süddeutsche Zeitung (inkl. Regionalausgaben),2007-08-14, 14 August 2007,  179
2006-01-02-HanauerAtomfabrikgeschlossen.txt, Hanauer Atomfabrik geschlossen; Abwicklung der Nuklearanlage kann zwei Jahre früher als geplant beendet werden, Süddeutsche Zeitung,2006-01-02, 2 Januar 2006,  493
2017-09-16-HannesGräbnerSPDFürsozia.txt, Hannes Gräbner SPD; Für soziale Gerechtigkeit, Süddeutsche Zeitung (inkl. Regionalausgaben),2017-09-16, 16 September 2017,  366
1998-10-17-HansSchuiererfreutsich.txt, Hans Schuiererfreut sich   , Sueddeutsche Zeitung,1998-10-17, Oktober 17 1998,  329
2008-12-08-HeileRisikoweltZwischenlage.txt, Heile Risikowelt; Zwischenlager für Atommüll rechtens ; SZ vom 28. November, Süddeutsche Zeitung (inkl. Regionalausgaben),2008-12-08, 8 Dezember 2008,  325
1996-12-24-HeiligerBimbamwohoertdenn.txt, Heiliger Bimbam wo hoert denn der Spass auf?. Ein Streitgespraech zwischen Bischof Hermann-Josef Spital und ARD-Moderator Friedrich Kueppersbusch ueber die Frage ob man religioese Gefuehle verspotten darf, Sueddeutsche Zeitung,1996-12-24, Dezember 24 1996,  2734
2018-12-08-HeimatstattAusgrenzungHu.txt,"Heimat statt Ausgrenzung""; Hunderte fordern Rücktritt von Horst Seehofer", süddeutsche.de,2018-12-08, 8 Dezember 2018,  865
2005-11-30-HeinzRiesenhuber70Jahre.txt, Heinz Riesenhuber 70 Jahre, Süddeutsche Zeitung,2005-11-30, 30 November 2005,  184
2011-06-24-HeuteinderSZ.txt, Heute in der SZ, Süddeutsche Zeitung (inkl. Regionalausgaben),2011-06-24, 24 Juni 2011,  151
1994-04-13-HierwirddieNaturveraendert.txt, Hier wird die Natur veraendert, Sueddeutsche Zeitung,1994-04-13, April 13 1994,  547
1998-11-20-HymnischerAbgesangaufeinzig.txt, Hymnischer Abgesang auf einzigartige Solartechnik Unternehmens-Konsortium beendet Energie-Experiment Trotz der Erfolge wird die Pionierarbeit zur Produktionvon Wasserstoff eingestellt / 100000 Besucher aus 100 Laendern besichtigten Anlage, Sueddeutsche Zeitung,1998-11-20, November 20 1998,  397
2008-09-13-IAEALibyenhattedeutschePl.txt, IAEA: Libyen hatte deutsche Pläne zur Gewinnung von Plutonium; Nach Erkenntnissen der Atom-Agentur arbeitete der Mittelsmann des Geschäfts auch für Gaddafis Chemiewaffen-Programm, Süddeutsche Zeitung (inkl. Regionalausgaben),2008-09-13, 13 September 2008,  698
2015-11-07-INLANDHofreiterwilleswiss.txt, INLAND; Hofreiter will es wissen, Süddeutsche Zeitung (inkl. Regionalausgaben),2015-11-07, 7 November 2015,  319
2015-07-07-Ichhabeunterschätztwiev.txt," Ich habe unterschätzt wie viel Zeit das alles kostet""; Baden-Württembergs Umweltminister Franz Untersteller über die Mühe mehr Turbinen ins Land zu stellen", Süddeutsche Zeitung (inkl. Regionalausgaben),2015-07-07, 7 Juli 2015,  1086
2010-04-15-IdyllmitAKW.txt, Idyll mit AKW, Frankfurter Allgemeine Zeitung,2010-04-15, 15 April 2010,  816
2001-07-18-IhrG8wir6000000000.txt, Ihr G 8 wir 6000000000, Sueddeutsche Zeitung,2001-07-18, Juli 18 2001,  1089
2008-05-05-IhrkönntEuchdieTonartaus.txt,Ihr könnt Euch die Tonart aussuchen nur nicht C-Dur, Süddeutsche Zeitung (inkl. Regionalausgaben),2008-05-05, 5 Mai 2008,  347
1998-04-29-ImKernwasserwunderland.txt, Im Kernwasserwunderland   , Sueddeutsche Zeitung,1998-04-29, April 29 1998,  396
1998-10-20-ImProfilWernerMuellerdesig.txt, Im Profil   WernerMuellerdesignierter Wirtschaftsministerder Regierung Schroder, Sueddeutsche Zeitung,1998-10-20, Oktober 20 1998,  382
2018-09-03-ImWaldderWidersprüche.txt, Im Wald der Widersprüche, Frankfurter Allgemeine Zeitung,2018-09-03, 03 September 2018,  2617
2002-04-23-ImabsolutenThemenparkverbot.txt," Im absoluten Themenparkverbot; Freizeit oder Freiheit? Im Mai wird das erste deutsche ""Legoland"" als urbane Utopie eröffnet; Die Zukunft der Stadt", Süddeutsche Zeitung,2002-04-23, 23 April 2002,  1487
2019-11-02-ImmernochderpikendeReißnag.txt, Immer noch der pikende Reißnagel; Vor 40 Jahren haben sich die Grünen erst in Gröbenzell dann im Kreis als Partei gegründet. Aus den Spontis Fundis und Realos sind Politiker in Bundestag Landtag und auf kommunaler Ebene geworden die zwar auch den Konsens kennen aber immer noch lieber die Mächtigen mit ihrer Kritik zu piesacken verstehen, Süddeutsche Zeitung (inkl. Regionalausgaben),2019-11-02, 2 November 2019,  1488
2008-11-12-IndustrieKleineSorgenfalten.txt, Industrie; Kleine Sorgenfalten; Die Autozulieferer haben der Oberpfalz einen Jobboom gebracht doch die Krise der Autobauer ist bereits spürbar, Süddeutsche Zeitung (inkl. Regionalausgaben),2008-11-12, 12 November 2008,  1006
1998-04-09-InschlechterGesellschaftV.txt, In schlechter Gesellschaft   VON JEANNE RUBNER, Sueddeutsche Zeitung,1998-04-09, April 9 1998,  765
2010-10-02-InstrumentalisiertVonGeorg.txt, Instrumentalisiert; Von Georg Paul Hefty, Frankfurter Allgemeine Zeitung,2010-10-02, 02 Oktober 2010,  404
2008-04-18-InterviewVorbereitetaufFra.txt, Interview; Vorbereitet auf Frau Müller?; Hartmut Binner trifft sich mit der Ministerin, Süddeutsche Zeitung (inkl. Regionalausgaben),2008-04-18, 18 April 2008,  717
2015-09-22-JagdaufdieBlutsaugerImRi.txt," Jagd auf die Blutsauger; Im Risikogebiet Bayern - der Münchner Virologe Gerhard Dobler erforscht Zecken und die Krankheiten die sie auf Menschen übertragen können. Wir gehen davon aus dass sich das FSME-Virus auch in Zukunft weiter ausbreitet"" sagt er", Süddeutsche Zeitung (inkl. Regionalausgaben),2015-09-22, 22 September 2015,  1105
1998-05-27-JammertanzumdenAtommeiler.txt, Jammertanz um den Atommeiler   Zwischen Oesterreich und der Slowakei tobt der Streitum das neue Kernkraftwerk Mochovce, Sueddeutsche Zeitung,1998-05-27, Mai 27 1998,  511
2002-02-02-JenseitsderGemütlichkeitDe.txt," Jenseits der Gemütlichkeit; Der Bauer der Forscher der Landrat der Musiker der Dichter der Prior und der Herzog - was Bayern hat das andere nicht haben; Eine Winterreise durch das Heimatland des Kandidaten: ""Herrgottsakra wer fluacht denn da gar a so?", Süddeutsche Zeitung,2002-02-02, 2 Februar 2002,  2650
2010-06-30-JetztmalimErnstBürgerradi.txt, Jetzt mal im Ernst; Bürgerradios und freie Radios bilden die dritte Säule in der deutschen Medienlanschaft. Zum Beispiel Radio Lora, Süddeutsche Zeitung (inkl. Regionalausgaben),2010-06-30, 30 Juni 2010,  1237
2001-01-05-JoschkaichwarauchmalRevo.txt, Joschka ich war auch mal Revoluzzer!, Sueddeutsche Zeitung,2001-01-05, Januar 5 2001,  505
2009-07-16-JürgenTrittinDieRealitäten.txt, Jürgen Trittin; Die Realitäten der Atomenergie, Frankfurter Allgemeine Zeitung,2009-07-16, 16 Juli 2009,  3554
2015-10-15-KINOTIPPS.txt, KINOTIPPS, Süddeutsche Zeitung (inkl. Regionalausgaben),2015-10-15, 15 Oktober 2015,  406
1997-02-19-KampfumGorlebenVONWOLFGA.txt, Kampf um Gorleben   VON WOLFGANG ROTH, Sueddeutsche Zeitung,1997-02-19, Februar 19 1997,  1480
2011-10-31-KarlHillermeiergestorben.txt, Karl Hillermeier gestorben, Frankfurter Allgemeine Zeitung,2011-10-31, 31 Oktober 2011,  240
2008-11-10-KatzundMausimWendland.txt, Katz und Maus im Wendland, Frankfurter Allgemeine Zeitung,2008-11-10, 10 November 2008,  1764
2007-04-24-KeinEndeinSicht.txt, (K)ein Ende in Sicht?, Frankfurter Allgemeine Zeitung,2007-04-24, 24 April 2007,  979
2006-06-27-KeinPlanabereineMengeSac.txt, Kein Plan aber eine Menge Sachverstand; In Nordrhein-Westfalen wird wieder über Kernenergie gesprochen / Von Peter Schilder, Frankfurter Allgemeine Zeitung,2006-06-27, 27 Juni 2006,  774
2009-10-24-KeineChancegegenCaptainAto.txt, Keine Chance gegen Captain Atom, Frankfurter Allgemeine Zeitung,2009-10-24, 24 Oktober 2009,  1568
2011-05-10-KernschmelzeinSekundenbrucht.txt, Kernschmelze in Sekundenbruchteilen; Schnelle Brüter haben viele Nachteile - in Japan soll nun der störanfällige Reaktor Monju wieder ans Netz, Süddeutsche Zeitung (inkl. Regionalausgaben),2011-05-10, 10 Mai 2011,  939
2001-12-20-KettenReaktionKarlsruheBl.txt, Ketten-Reaktion; Karlsruhe: Blockaden können als gewaltsame Nötigung bestraft werden, Süddeutsche Zeitung,2001-12-20, 20 Dezember 2001,  539
2018-10-04-KinoundRealität.txt, Kino und Realität, Süddeutsche Zeitung (inkl. Regionalausgaben),2018-10-04, 4 Oktober 2018,  122
1998-11-18-KoalitionsvertraggehtAerzten.txt, Koalitionsvertrag gehtAerzten nicht weit genug Forschungsreaktor 'ueberhaupt nichtnotwendig' , Sueddeutsche Zeitung,1998-11-18, November 18 1998,  405
2011-03-18-KommentarAtomPaulusÖkoSa.txt, Kommentar; Atom-Paulus Öko-Saulus, Süddeutsche Zeitung (inkl. Regionalausgaben),2011-03-18, 18 März 2011,  400
2003-03-28-KommzuunsÜberdieÄsthetik.txt, Komm zu uns; Über die Ästhetik der neuen deutschen Protestbewegung, Süddeutsche Zeitung,2003-03-28, 28 März 2003,  1202
2001-11-10-KontrolleureohneKontrolle.txt, Kontrolleure ohne Kontrolle, Sueddeutsche Zeitung,2001-11-10, November 10 2001,  622
2011-02-16-KostspieligerVertragDieLag.txt, Kostspieliger Vertrag; Die Lagerung von Atommüll aus Karlsruhe wird 250 Millionen Euro teurer als geplant, Süddeutsche Zeitung (inkl. Regionalausgaben),2011-02-16, 16 Februar 2011,  502
2019-02-02-KrachmachenSeitmehrals40.txt, Krach machen; Seit mehr als 40 Jahren demonstrieren Menschen für die Umwelt. Mit vielen Ideen und vor allem: ziemlich erfolgreich, Süddeutsche Zeitung (inkl. Regionalausgaben),2019-02-02, 2 Februar 2019,  525
2011-08-10-KretschmannNureinWunderk.txt," Kretschmann; ""Nur ein Wunder kann Stuttgart 21 noch verhindern", süddeutsche.de,2011-08-10, 10 August 2011,  536
2011-08-10-KretschmannerwartetBaudesB.txt," Kretschmann erwartet Bau des Bahnhofs; ""Nur ein Wunder kann Stuttgart 21 noch verhindern", süddeutsche.de,2011-08-10, 10 August 2011,  536
2014-12-27-KumpelKarpfenBierundRevo.txt, Kumpel Karpfen Bier und Revoluzzer; Die Oberpfalz ist geprägt vom Braunkohleabbau von der Fischzucht findigen Brauern und der Erinnerung an turbulente Achtzigerjahre, Süddeutsche Zeitung (inkl. Regionalausgaben),2014-12-27, 27 Dezember 2014,  426
2017-11-03-KuriosesausderNischeAufd.txt, Kurioses aus der Nische; Auf der Litera Bavarica' einer kleinen Buchmesse im Münchner Pfarrzentrum Sankt Bonifaz präsentieren 16 Verlage ihre Bücher die zumeist keine hohe Auflage erreichen, Süddeutsche Zeitung (inkl. Regionalausgaben),2017-11-03, 3 November 2017,  814
2010-02-16-KühlkalkuliertVonStefanDi.txt, Kühl kalkuliert; Von Stefan Dietrich, Frankfurter Allgemeine Zeitung,2010-02-16, 16 Februar 2010,  885
2010-11-06-Kühlundnüchternbleiben.txt," Kühl und nüchtern bleiben""; Polizeipräsident Waldemar Kindler über den Einsatz bayerischer Polizisten in Gorleben an diesem Wochenende", Süddeutsche Zeitung (inkl. Regionalausgaben),2010-11-06, 6 November 2010,  494
2011-03-28-LachendeSonnenimRegen300.txt, Lachende Sonnen im Regen; 30 000 Atomkraftgegner aus ganz Bayern versammeln sich auf dem Odeonsplatz und trotzen dem schlechten Wetter, Süddeutsche Zeitung (inkl. Regionalausgaben),2011-03-28, 28 März 2011,  1236
2008-07-17-Landtagsdebatteüberdasneue.txt," Landtagsdebatte über das neue bayerische Versammlungsgesetz; ""Wir sind so frei""; Die Grünen veranstalten ein Happening und der Innenminister fühlt sich missverstanden", Süddeutsche Zeitung (inkl. Regionalausgaben),2008-07-17, 17 Juli 2008,  1109
2018-10-06-LehrbeispielfürdenRechtssta.txt, Lehrbeispiel für den Rechtsstaat; Der ehemalige Schwandorfer Landrat Hans Schuierer schildert bei einem Infoabend in Dorfen wie die Auseinandersetzung um den Bau der Wiederaufarbeitungsanlage in Wackersdorf geführt wurde, Süddeutsche Zeitung (inkl. Regionalausgaben),2018-10-06, 6 Oktober 2018,  611
2008-09-13-LibyenhattedeutschePlänezu.txt, Libyen hatte deutsche Pläne zur Gewinnung von Plutonium; Nach Erkenntnissen der internationalen Atombehörde arbeitete der Mittelsmann des Geschäfts auch für Gaddafis Chemiewaffen-Programm, Süddeutsche Zeitung (inkl. Regionalausgaben),2008-09-13, 13 September 2008,  707
2011-12-24-LieberSeppStemmeisen.txt, Lieber Sepp Stemmeisen, Süddeutsche Zeitung (inkl. Regionalausgaben),2011-12-24, 24 Dezember 2011,  354
2004-07-10-LobbyistendesVorgartensSie.txt," Lobbyisten des Vorgartens; Sie nennen es Naturschutz doch in Wirklichkeit geht es meist um das eigene Wohl - mit wachsender Professionalität bekämpfen Bürger unliebsame Projekte; Die Macht der Bürgerinitiativen: ""Hauptsache das Kraftwerk wird einem nicht direkt vor die Nase gesetzt", Süddeutsche Zeitung,2004-07-10, 10 Juli 2004,  1584
2015-09-05-LobundPreisfürdenImperato.txt, Lob und Preis für den Imperator der Lüfte, Frankfurter Allgemeine Zeitung,2015-09-05, 05 September 2015,  1494
2011-10-31-LuftballonsstattLuftwaffeN.txt, Luftballons statt Luftwaffe; Nach Auflösung von Bundeswehr-Standorten müssen Kommunen kreativ sein - in Niedersachsen etwa wurde aus einer Kaserne ein Freizeitpark, Süddeutsche Zeitung (inkl. Regionalausgaben),2011-10-31, 31 Oktober 2011,  1143
2018-09-14-LärmindenWipfelnImHambac.txt, Lärm in den Wipfeln; Im Hambacher Forst beginnen 2000 Polizisten damit die Baumhäuser der Waldbesetzer zu räumen. Der Einsatz ist lebensgefährlich - für alle, Süddeutsche Zeitung (inkl. Regionalausgaben),2018-09-14, 14 September 2018,  1444
2013-08-10-MENSCHENWIRTSCHAFTNeueAu.txt, MENSCHEN & WIRTSCHAFT; Neue Aufgaben für Werner Müller, Frankfurter Allgemeine Zeitung,2013-08-10, 10 August 2013,  305
2016-07-26-MITTENINFÜRSTENFELDBRUCKAb.txt, MITTEN IN FÜRSTENFELDBRUCK; Abrissbirne über Hüttenhausen, Süddeutsche Zeitung (inkl. Regionalausgaben),2016-07-26, 26 Juli 2016,  357
2015-02-05-MITTENINGRASBRUNNAlleshal.txt, MITTEN IN GRASBRUNN; Alles halb so wild, Süddeutsche Zeitung (inkl. Regionalausgaben),2015-02-05, 5 Februar 2015,  316
2010-09-11-MappusHofgartenistderStut.txt, Mappus' Hofgarten ist der Stuttgarter Hauptbahnhof, Frankfurter Allgemeine Zeitung,2010-09-11, 11 September 2010,  1308
1997-10-15-MarihuanaEiundAlkoholMi.txt, Marihuana Ei und Alkohol   Michael Wildenhains Roman 'Erste Liebe. DeutscherHerbst', Sueddeutsche Zeitung,1997-10-15, Oktober 15 1997,  831
2010-10-11-MassenprotestinMünchenZehn.txt, Massenprotest in München; Zehntausende demonstrieren gegen längere Atomlaufzeiten, Süddeutsche Zeitung (inkl. Regionalausgaben),2010-10-11, 11 Oktober 2010,  95
1995-07-01-MeinungswandelnachExpertenA.txt, Meinungswandel nach Experten-Anhoerung zum Donau-Ausbau CSU stellt zweite Staustufe in Frage. Henning Kaul nennt Buhnen als Alternative / Fuer Schonung empfindlicher Bereiche, Sueddeutsche Zeitung,1995-07-01, Juli 1 1995,  614
2003-12-01-MidlifeBluesWerfrüherjung.txt, Midlife-Blues; Wer früher jung war ist heute alt - aber nicht weinen!, Süddeutsche Zeitung,2003-12-01, 1 Dezember 2003,  639
2006-01-12-MissionerfülltVONSTEFANDI.txt, Mission erfüllt; VON STEFAN DIETRICH, Frankfurter Allgemeine Zeitung,2006-01-12, 12 Januar 2006,  961
2010-02-17-MitTangoundSwinggegenden.txt," Mit Tango und Swing gegen den Südring; Die Formation Quadro Nuevo"" spielt Benefizkonzert im Bürgerhaus Pullach", Süddeutsche Zeitung (inkl. Regionalausgaben),2010-02-17, 17 Februar 2010,  309
2017-09-18-MitallerMachtEineARDDoku.txt, Mit aller Macht; Eine ARD-Doku über den Widerstand in Wackersdorf, Süddeutsche Zeitung (inkl. Regionalausgaben),2017-09-18, 18 September 2017,  471
2014-01-06-MitdemMutzurWahrheitDie.txt, Mit dem Mut zur Wahrheit; Die Anti-Atom-Bewegung, Frankfurter Allgemeine Zeitung,2014-01-06, 06 Januar 2014,  828
2006-12-18-MitdenÜberfliegerninsStimm.txt, Mit den Überfliegern ins Stimmungstief; Was den Streit um die Landeanflüge auf Zürich zwischen Deutschen und Schweizern so dauerhaft macht, Süddeutsche Zeitung,2006-12-18, 18 Dezember 2006,  1355
2011-01-08-MiteinerTaubefingallesan.txt, Mit einer Taube fing alles an; LBV-Vorsitzender Richard Straub hat seine Tierliebe früh entdeckt, Süddeutsche Zeitung (inkl. Regionalausgaben),2011-01-08, 8 Januar 2011,  370
2011-06-27-MitletzterLeidenschaftDie.txt, Mit letzter Leidenschaft; Die Anti-Atombewegung brachte Andrea Asch einst zu den Grünen - nun hat sie vergeblich dagegen gekämpft dass ihre Partei Angela Merkel folgt, Süddeutsche Zeitung (inkl. Regionalausgaben),2011-06-27, 27 Juni 2011,  537
2008-12-10-MitteninBayernRebellenaus.txt, Mitten in Bayern; Rebellen aus der Oberpfalz, Süddeutsche Zeitung (inkl. Regionalausgaben),2008-12-10, 10 Dezember 2008,  377
2010-01-21-MitteninRegensburgDeckeld.txt, Mitten in Regensburg; Deckel drauf, Süddeutsche Zeitung (inkl. Regionalausgaben),2010-01-21, 21 Januar 2010,  363
1995-08-23-MuellhaldenundMoerderDieU.txt, Muellhalden und Moerder. Die Umwelt wird zum Krimi: Tatort: Gift, Sueddeutsche Zeitung,1995-08-23, August 23 1995,  480
2012-08-29-MÜNCHNERMOMENTETotgesagtel.txt, MÜNCHNER MOMENTE; Totgesagte leben länger, Süddeutsche Zeitung (inkl. Regionalausgaben),2012-08-29, 29 August 2012,  293
2018-01-19-MÜNCHNERMOMENTEWeezeistwe.txt, MÜNCHNER MOMENTE; Weeze ist weit weg, Süddeutsche Zeitung (inkl. Regionalausgaben),2018-01-19, 19 Januar 2018,  343
2010-10-05-MühsamerKampfgegenAtomenerg.txt, Mühsamer Kampf gegen Atomenergie; Gina Gillig Sprecherin des Vereins Bürger gegen Reaktor Garching, Süddeutsche Zeitung (inkl. Regionalausgaben),2010-10-05, 5 Oktober 2010,  555
2018-07-23-MünchnerFreiheitBayernneig.txt, Münchner Freiheit; Bayern neigen ja eher nicht dazu sich aufzuregen aber jetzt sind 25 000 auf die Straße gegangen um der CSU zu sagen: mehr Anstand bitte. Ein Blick in die Seele des Südens, Süddeutsche Zeitung (inkl. Regionalausgaben),2018-07-23, 23 Juli 2018,  2504
2009-06-25-NaziGegnerabgestempeltals.txt, Nazi-Gegner abgestempelt als Verfassungsfeind; Marcus Buschmüller engagiert sich seit Jahren gegen Rechtsextremismus doch der Staat sieht in ihm eine Gefahr für die Demokratie, Süddeutsche Zeitung (inkl. Regionalausgaben),2009-06-25, 25 Juni 2009,  1595
2011-06-21-NeuerTraumvomSchnellenBrüt.txt, Neuer Traum vom Schnellen Brüter; Internationale Nuklearexperten planen Reaktoren die ihren Brennstoff selbst erzeugen - auch die Deutschen können sich dem nicht entziehen, Süddeutsche Zeitung (inkl. Regionalausgaben),2011-06-21, 21 Juni 2011,  1675
2003-03-13-NimmermüderVolksheldDerein.txt, Nimmermüder Volksheld; Der einstige WAA-Gegner und Schwandorfer Landrat Schuierer will mit 72 Jahren wieder in den Bezirkstag, Süddeutsche Zeitung,2003-03-13, 13 März 2003,  740
2006-07-28-NoHeadlineInOriginal-1.txt, No Headline In Original, Süddeutsche Zeitung,2006-07-28, 28 Juli 2006,  53
2011-06-24-NoHeadlineInOriginal-10.txt, No Headline In Original, Süddeutsche Zeitung (inkl. Regionalausgaben),2011-06-24, 24 Juni 2011,  2374
2012-09-24-NoHeadlineInOriginal-11.txt, No Headline In Original, Süddeutsche Zeitung (inkl. Regionalausgaben),2012-09-24, 24 September 2012,  1236
2011-04-23-NoHeadlineInOriginal-13.txt, No Headline In Original, Süddeutsche Zeitung (inkl. Regionalausgaben),2011-04-23, 23 April 2011,  2302
2009-04-25-NoHeadlineInOriginal-14.txt, No Headline In Original, Süddeutsche Zeitung (inkl. Regionalausgaben),2009-04-25, 25 April 2009,  1222
2018-04-27-NoHeadlineInOriginal-2.txt, No Headline In Original, Süddeutsche Zeitung (inkl. Regionalausgaben),2018-04-27, 27 April 2018,  1
2019-09-27-NoHeadlineInOriginal-3.txt, No Headline In Original, Süddeutsche Zeitung (inkl. Regionalausgaben),2019-09-27, 27 September 2019,  1467
2017-06-02-NoHeadlineInOriginal-4.txt, No Headline In Original, Süddeutsche Zeitung (inkl. Regionalausgaben),2017-06-02, 2 Juni 2017,  860
2010-09-21-NoHeadlineInOriginal-6.txt, No Headline In Original, Süddeutsche Zeitung (inkl. Regionalausgaben),2010-09-21, 21 September 2010,  2599
2011-03-25-NoHeadlineInOriginal-7.txt, No Headline In Original, Süddeutsche Zeitung (inkl. Regionalausgaben),2011-03-25, 25 März 2011,  3151
2010-08-07-NoHeadlineInOriginal-8.txt, No Headline In Original, Süddeutsche Zeitung (inkl. Regionalausgaben),2010-08-07, 7 August 2010,  3211
1994-08-10-NocheinmaldavongekommenSie.txt, Noch einmal davongekommen. Siemens darf in Hanau weiter mit Plutonium arbeiten - aber die Probleme bleiben, Sueddeutsche Zeitung,1994-08-10, August 10 1994,  444
2018-10-25-Norden.txt, Norden, Süddeutsche Zeitung (inkl. Regionalausgaben),2018-10-25, 25 Oktober 2018,  517
1995-12-20-NordrheinWestfalenUmweltmin.txt, Nordrhein-Westfalen: Umweltministerin Baerbel Hoehn und der Schlagzeilenkrieg Knirschen im rot-gruenen Koalitionsgebaelk. Demuetigungen nicht bieten lassen - Die ungleichen Regierungspartner machen sich gegenseitig muerbe, Sueddeutsche Zeitung,1995-12-20, Dezember 20 1995,  1720
2011-06-24-NukleareParagraphenBauersfr.txt, Nukleare Paragraphen; Bauersfrauen als Aufständische: Wie die bayerische Justiz lernen musste dass nicht immer die Macht das Recht hat, Süddeutsche Zeitung (inkl. Regionalausgaben),2011-06-24, 24 Juni 2011,  1509
2014-10-27-OberpfalzEineStadtkdmpft.txt, ; Oberpfalz; Eine Stadt kdmpft um ihr Wasser, s|ddeutsche.de,2014-10-27, 27 Oktober 2014,  1070
2008-09-15-Oppositionsarbeitistimmere.txt,"Oppositionsarbeit ist immer ein Bohren dicker Bretter""; Wie die Grünen-Abgeordnete Ruth Paulig ihre politische Arbeit bewertet und warum sie auf eine weitere Kandidatur verzichtet", Süddeutsche Zeitung (inkl. Regionalausgaben),2008-09-15, 15 September 2008,  1068
2001-08-01-OstbayernAutobahnnach70Jah.txt, Ostbayern-Autobahn nach 70 Jahren fertig Heute werden die letzten beiden Teilstuecke eroeffnet, Sueddeutsche Zeitung,2001-08-01, August 1 2001,  636
2015-12-24-Ostwindbautdas500Windrad.txt, Ostwind baut das 500. Windrad, Süddeutsche Zeitung (inkl. Regionalausgaben),2015-12-24, 24 Dezember 2015,  349
1995-02-03-OttoWiesheuzurZukunftvonS.txt, Otto Wiesheu zur Zukunft von Schwandorf und der Oberpfaelzer Region Warten auf das Wunder von Wackersdorf. Hoffnung auf Industriepark enttaeuscht / Minister will Unternehmen in die Pflicht nehmen, Sueddeutsche Zeitung,1995-02-03, Februar 3 1995,  654
2018-08-29-PROTESTGEGENBRAUNKOHLERWE.txt, PROTEST GEGEN BRAUNKOHLE; RWE - nichts gelernt?, Süddeutsche Zeitung (inkl. Regionalausgaben),2018-08-29, 29 August 2018,  771
2009-06-04-PappkartonsstattBrennstäbe.txt, Pappkartons statt Brennstäbe; Aus der geplanten Wiederaufbereitungsanlage in Wackersdorf hat BMW einen Innovationspark gemacht, Süddeutsche Zeitung (inkl. Regionalausgaben),2009-06-04, 4 Juni 2009,  375
2013-11-30-ParteitagderPiratenThorste.txt, Parteitag der Piraten; Thorsten Wirth ist neuer Piraten-Chef, süddeutsche.de,2013-11-30, 30 November 2013,  324
1997-10-29-ParteitagimkleinenHorrorlad.txt, Parteitag im kleinen Horrorladen   Die Gruenen finden sich sehr sensibel sollten abermal ihre 'Innenbeleuchtung' ausschalten, Sueddeutsche Zeitung,1997-10-29, Oktober 29 1997,  482
2004-06-16-PlutoniumaufReisenSeitJah.txt, Plutonium auf Reisen; Seit Jahren lagern zwei Tonnen des gefährlichen Schwermetalls in Hanau - jetzt sollen daraus in La Hague Brennstäbe werden, Süddeutsche Zeitung,2004-06-16, 16 Juni 2004,  509
2015-01-27-PoesiedesDialektsTradition.txt," Poesie des Dialekts; Tradition bis Rebellion: Zusammen mit Eva Bauerfeind und Kristina Pöschl hat Hubert Ettl die Anthologie Vastehst me"" herausgegeben - ein Überblick über bairische Lyrik der vergangenen 40 Jahre", Süddeutsche Zeitung (inkl. Regionalausgaben),2015-01-27, 27 Januar 2015,  1015
2014-05-13-PokernamAbgrundDieGewinne.txt, Pokern am Abgrund; Die Gewinne haben die Atombetreiber gerne kassiert die Verluste würden sie jetzt ebenso gerne abwälzen - ein Bluff?; Der Rückbau kostet Milliarden - und dafür hat kaum jemand vorgesorgt; Die AKW-Betreiber fürchten im Strudel der Energiewende unterzugehen, Süddeutsche Zeitung (inkl. Regionalausgaben),2014-05-13, 13 Mai 2014,  1113
2018-12-27-PolitikaufderStraßeZehnta.txt, Politik auf der Straße; Zehntausende demonstrieren gegen Hetze und Polizeigesetze, Süddeutsche Zeitung (inkl. Regionalausgaben),2018-12-27, 27 Dezember 2018,  497
2015-09-28-PolitischesVolksmusikkabarett.txt, Politisches Volksmusikkabarett, Süddeutsche Zeitung (inkl. Regionalausgaben),2015-09-28, 28 September 2015,  202
2018-09-30-PrantlsBlickVonWackersdorf.txt, Prantls Blick; Von Wackersdorf nach Hambach, süddeutsche.de,2018-09-30, 30 September 2018,  1477
1995-10-16-ProtestaktiongegenDonauKana.txt, Protestaktion gegen Donau-Kanalisierung, Sueddeutsche Zeitung,1995-10-16, Oktober 16 1995,  117
2010-09-20-ProtestderGenerationenZehn.txt, Protest der Generationen; Zehntausende Menschen demonstrieren in Berlin gegen die von Schwarz-Gelb geplante Laufzeitverlängerung für Atomkraftwerke, Süddeutsche Zeitung (inkl. Regionalausgaben),2010-09-20, 20 September 2010,  775
2011-02-16-ProtestegegenCastorTranspor.txt, Proteste gegen Castor-Transport; Atommüll aus Karlsruhe soll Zwischenlager in Lubmin voraussichtlich Donnerstag erreichen, Frankfurter Allgemeine Zeitung,2011-02-16, 16 Februar 2011,  711
1997-03-05-ProtestegegenKernkraftmange.txt, Proteste gegen Kernkraft mangels Masse atomisiert Techniksoziologe Wolfgang Zaengl ueber dieAnti-AKW-Bewegung in der Landeshauptstadt Der Castor rollt ins Wendland Zeit fuer einenRueckblick: Als Wackersdorf noch 50000 Muenchner mobilisierte, Sueddeutsche Zeitung,1997-03-05, Maerz 5 1997,  815
2001-03-29-ProtestekoennenauchfuerDem.txt, Proteste koennen auch fuer Demonstranten teuer werden, Sueddeutsche Zeitung,2001-03-29, Maerz 29 2001,  524
1997-06-27-Qualitaetalleinmachtnochke.txt, Qualitaet allein macht noch kein Ensemble   Die Stadt Kleve hat eine neue Attraktion: Das Kunstmuseumim alten Kurhaus, Sueddeutsche Zeitung,1997-06-27, Juni 27 1997,  2040
1995-02-10-RWEMilliardenSchaedendurch.txt, RWE: Milliarden-Schaeden durch falsche Atompolitik, Sueddeutsche Zeitung,1995-02-10, Februar 10 1995,  306
1994-05-31-RadioDeutschlandfunk.txt, Radio Deutschlandfunk, Sueddeutsche Zeitung,1994-05-31, Mai 31 1994,  920
1999-01-15-RadioaktiverMuellalsWirtsch.txt, Radioaktiver Muell als Wirtschaftsfaktor, Sueddeutsche Zeitung,1999-01-15, Januar 15 1999,  437
1999-01-15-RadioaktiverMuellalsWirtscha.txt, RadioaktiverMuell als Wirtschaftsfaktor   Die Wiederaufarbeitungsanlage in La Hague macht einFuenftel des Umsatzes mit abgenutzten Brennelementenaus Deutschland, Sueddeutsche Zeitung,1999-01-15, Januar 15 1999,  436
2006-04-26-RatloseBürgerimradioaktiven.txt, Ratlose Bürger im radioaktiven Regen; Staatliches Gesundheitsamt in Bad Tölz hatte in den ersten Tagen nach der Explosion selbst keine genauen Informationen, Süddeutsche Zeitung (inkl. Regionalausgaben),2006-04-26, 26 April 2006,  864
2007-05-14-RednermachenMenschenMutAg.txt, Redner machen Menschen Mut; Agnes Schranner: Auch Wackersdorf ist nicht gebaut worden, Süddeutsche Zeitung (inkl. Regionalausgaben),2007-05-14, 14 Mai 2007,  649
2001-03-28-ReliktausfroehlicherAtomzei.txt, Relikt aus froehlicher Atomzeit, Sueddeutsche Zeitung,2001-03-28, Maerz 28 2001,  742
2017-09-30-ReliquiendesFreistaatsEin.txt, Reliquien des Freistaats; Ein Depot in Augsburg birgt die Schätze die im neuen Museum der Bayerischen Geschichte zeigen sollen was den Kern und den Mythos Bayern ausmacht. Zum ersten Mal wird so die Geschichte der vergangenen 200 Jahre umfassend dokumentiert. Nur der Eröffnungstermin ist unklar, Süddeutsche Zeitung (inkl. Regionalausgaben),2017-09-30, 30 September 2017,  1290
2011-06-10-ReststrommengenundEigentumsa.txt, Reststrommengen und Eigentumsansprüche; Atomausstieg als Rechtsproblem / Von Reinhard Müller, Frankfurter Allgemeine Zeitung,2011-06-10, 10 Juni 2011,  703
2018-09-12-RevierderbyNirgendwoaufdem.txt, Revierderby; Nirgendwo auf dem Kontinent steigen so viele Treibhausgase in den Himmel wie aus den Kraftwerken zwischen Aachen und Köln. Der Widerstand im Hambacher Forst und die Frage: Wie viel Kohle wollen wir noch?   , Süddeutsche Zeitung (inkl. Regionalausgaben),2018-09-12, 12 September 2018,  2622
2019-08-29-RocknRollergehennicht.txt," Rock ""n"" Roller gehen nicht in Rente'; Peter Maffay feiert am 30. August seinen 70. Geburtstag und auch sein 50-jähriges Bühnenjubiläum", Süddeutsche Zeitung (inkl. Regionalausgaben),2019-08-29, 29 August 2019,  897
2019-08-23-RocknRollergehennichtin.txt," Rock""n""Roller gehen nicht in Rente'; Peter Maffay feiert am 30. August seinen 70. Geburtstag und auch sein 50-jähriges Bühnenjubiläum. Der Musiker lebt seit bald vier Jahrzehnten in Tutzing: Ich hab"" ein Herz fürs Grüne'", Süddeutsche Zeitung (inkl. Regionalausgaben),2019-08-23, 23 August 2019,  1049
1998-09-16-RuthPauligziehtdasMandatde.txt, Ruth Paulig zieht dasMandat dem Vorsitz vor Irene Maria Sturm verlaesst die Gruenen Partei muss sich eine neue Landeschefin suchen, Sueddeutsche Zeitung,1998-09-16, September 16 1998,  533
2013-02-23-S7PLANFESTSTELLUNGVerhinder.txt, S7-PLANFESTSTELLUNG; Verhinderer am Werk, Süddeutsche Zeitung (inkl. Regionalausgaben),2013-02-23, 23 Februar 2013,  335
1996-11-27-SZInterviewmitdemlangeals.txt, SZ-Interview mit dem lange als Top-Terrorist gesuchten Christoph Seidler ueber die RAF Nicht nur Mord und Totschlag. Von der Justiz erwarte ich dass sie die Tatsachen anerkennt und das Verfahren einstellt, Sueddeutsche Zeitung,1996-11-27, November 27 1996,  2427
2019-05-29-Sammamianomia.txt, Samma mia no mia?, Frankfurter Allgemeine Zeitung,2019-05-29, 29 Mai 2019,  1548
1995-02-18-SchnellerBrueterfuereineDM.txt, Schneller Brueter fuer eine DM zu verkaufen?, Sueddeutsche Zeitung,1995-02-18, Februar 18 1995,  92
1996-05-17-SchnellerBruetersollzumFre.txt, Schneller Brueter soll zum Freizeitpark werden, Sueddeutsche Zeitung,1996-05-17, Mai 17 1996,  90
2010-08-03-SchärfereProtestegegenStut.txt," Schärfere Proteste gegen ""Stuttgart 21", Frankfurter Allgemeine Zeitung,2010-08-03, 03 August 2010,  291
1998-08-08-SiebenBierundAluminiumgeldfu.txt, SiebenBier undAluminiumgeld fuers Volk ADRIANPRECHTEL , Sueddeutsche Zeitung,1998-08-08, August 8 1998,  1354
2009-07-10-SiegderBeharrlichkeit.txt, Sieg der Beharrlichkeit, Süddeutsche Zeitung (inkl. Regionalausgaben),2009-07-10, 10 Juli 2009,  272
1995-05-24-SolarstromimSchattenderAto.txt, Solarstrom im Schatten der Atomruinen. Energiekonzerne in den USA und in Japan wollen der Photovoltaik zum Durchbruch verhelfen / Zurueckhaltung in Deutschland, Sueddeutsche Zeitung,1995-05-24, Mai 24 1995,  1520
1996-09-13-SowjetischeVerhaeltnisseeing.txt, Sowjetische Verhaeltnisse eingefuehrt, Sueddeutsche Zeitung,1996-09-13, September 13 1996,  389
2018-09-20-SpaltprozesseTrifftinsTief.txt, Spaltprozesse; Trifft ins Tiefschwarze: Der Spielfilm Wackersdorf' von Oliver Haffner erzählt vom erfolgreichen Kampf der Oberpfälzer gegen die geplante atomare Wiederaufbereitungsanlage, Süddeutsche Zeitung (inkl. Regionalausgaben),2018-09-20, 20 September 2018,  983
2016-11-23-SpaßamKnöpfchendrehenDiete.txt, Spaß am Knöpfchendrehen; Dieter Lohr und sein Lohrbär-Verlag der Hörbücher produziert erhalten den Kleinverlagspreis, Süddeutsche Zeitung (inkl. Regionalausgaben),2016-11-23, 23 November 2016,  924
1996-04-13-SpontanProtestimUmweltminis.txt, Spontan-Protest im Umweltministerium, Sueddeutsche Zeitung,1996-04-13, April 13 1996,  146
2011-07-01-StaatsBewegungVon.txt, Staats-Bewegung; Von, Süddeutsche Zeitung (inkl. Regionalausgaben),2011-07-01, 1 Juli 2011,  840
2008-09-27-StandortinGefahrOsramwill.txt, Standort in Gefahr; Osram will im Werk Augsburg 400 Stellen abbauen, Süddeutsche Zeitung (inkl. Regionalausgaben),2008-09-27, 27 September 2008,  484
1997-08-07-SteinediekeinBaggerwegrae.txt, Steine die kein Bagger wegraeumt Stillstand-Ort Deutschland (I): Wo bleiben die neuenArbeitsplaetze? Siesind erfolgreich sie koennten sogar mehrMitarbeiter gebrauchen - warum zwei bayerischeUnternehmer dennoch keine neuen Leute einstellenkoennen, Sueddeutsche Zeitung,1997-08-07, August 7 1997,  2197
1998-11-07-StrahlenderAnfangSamstag.txt, Strahlender Anfang   Samstag: Eine Dokumentation zeigt die Fruehzeit derAtomkraft, Sueddeutsche Zeitung,1998-11-07, November 7 1998,  346
1997-04-10-StrahlenderMuellhinterKraft.txt, Strahlender Muell hinter Kraftwerkszaeunen   Bei den Energiekonsens -Gespraechen ruecken neue, Sueddeutsche Zeitung,1997-04-10, April 10 1997,  2173
2001-04-09-Strassemusssein.txt, Strasse muss sein!, Sueddeutsche Zeitung,2001-04-09, April 9 2001,  1072
2010-12-06-Stuttgart21BilderdesProte.txt, Stuttgart 21: Bilder des Protests; Pinnwand des Aufstands, süddeutsche.de,2010-12-06, 6 Dezember 2010,  967
2019-11-18-SÜDOSTENWackersdorfFilm.txt, SÜDOSTEN; Wackersdorf-Film, Süddeutsche Zeitung (inkl. Regionalausgaben),2019-11-18, 18 November 2019,  104
2019-03-20-Süden.txt, Süden, Süddeutsche Zeitung (inkl. Regionalausgaben),2019-03-20, 20 März 2019,  497
1995-05-06-THEMENDESTAGESSchwacheArgu.txt, THEMEN DES TAGES Schwache Argumente, Sueddeutsche Zeitung,1995-05-06, Mai 6 1995,  332
2015-08-08-TOP3Top3Großprojektemit.txt, TOP 3; Top 3; Großprojekte mit der größten Kostensteigerung, Süddeutsche Zeitung (inkl. Regionalausgaben),2015-08-08, 8 August 2015,  14
2018-10-11-Taufkirchen.txt, Taufkirchen, Süddeutsche Zeitung (inkl. Regionalausgaben),2018-10-11, 11 Oktober 2018,  83
1996-04-25-Terminezum10TschernobylJa.txt, Termine zum 10. Tschernobyl-Jahrestag, Sueddeutsche Zeitung,1996-04-25, April 25 1996,  1067
1995-04-26-TiefladermitNuklearabfallim.txt, Tieflader mit Nuklearabfall im Schrittempo nach Gorleben Castor-Transport durch Sitzblockaden behindert Polizei setzt Wasserwerfer gegen Atomkraftgegner ein. Tausende Demonstranten auf der Landstrasse zum Zwischenlager / Gewalttaetige Proteste auch waehrend des naechtlichen Transports mit der Bahn / Bundesumweltministerium: Noch drei weitere Atommuell-Lieferungen in diesem Jahr, Sueddeutsche Zeitung,1995-04-26, April 26 1995,  694
2018-09-22-TiefverwurzeltImHambacher.txt, Tief verwurzelt; Im Hambacher Forst geht es um mehr als um die Verteidigung der Natur gegen ihre Zerstörer. Es geht um einen Mythos. Über den deutschen Wald der Schauplatz vieler Konflikte war, Süddeutsche Zeitung (inkl. Regionalausgaben),2018-09-22, 22 September 2018,  1794
2019-12-17-TrauerumRolandZintl.txt, Trauer um Roland Zintl, Süddeutsche Zeitung (inkl. Regionalausgaben),2019-12-17, 17 Dezember 2019,  153
1995-03-30-TrotzBVGUrteilkeineautomat.txt, Trotz BVG-Urteil keine automatischen Wiederaufnahmeverfahren Sitzblockierer kommen nicht auf die Beine. Verurteilte muessen sich selbst um Rehabilitation bemuehen, Sueddeutsche Zeitung,1995-03-30, Maerz 30 1995,  334
1994-04-29-TrotzmassiverProtestevonGu.txt, Trotz massiver Proteste von Gundremminger Umweltschuetzern Erste MOX -Brennelemente im Kraftwerk. Mitglied der Mahnwache legt sich vor Werkstor / Termine fuer weitere Lieferungen geheim, Sueddeutsche Zeitung,1994-04-29, April 29 1994,  494
2010-06-09-TrügerischeRuheinGorleben.txt, Trügerische Ruhe in Gorleben, Frankfurter Allgemeine Zeitung,2010-06-09, 09 Juni 2010,  1100
2006-04-26-Tschernobylwoliegtdasei.txt,"Tschernobyl - wo liegt das eigentlich?""; Genau 20 Jahre ist die Reaktorkatastrophe in der Ukraine nun her auch die Deutschen traf der Störfall damals völlig unerwartet - Zeitzeugen erzählen", Süddeutsche Zeitung,2006-04-26, 26 April 2006,  2598
1999-01-08-TurbinchenfuerdieAndenundd.txt, Turbinchenfuer die Anden und den Urwald   Warumein kleiner Wasserkraftwerkbauer hoch im Schwarzwaldum neue Aktionaere wirbt / Kritik an deutschenUmweltschuetzern, Sueddeutsche Zeitung,1999-01-08, Januar 8 1999,  914
2013-06-04-TäuschendeAtomenthusiasten.txt, Täuschende Atomenthusiasten, Frankfurter Allgemeine Zeitung,2013-06-04, 04 Juni 2013,  227
1995-09-26-UEberdieKoepfederSlowaken.txt, UEber die Koepfe der Slowaken hinweggeredet. Pressburg vermutete hinter dem Widerstand gegen das AKW Mochovce reine West-Propaganda, Sueddeutsche Zeitung,1995-09-26, September 26 1995,  694
1995-02-02-UmweltministerverwundertDeba.txt, Umweltminister verwundert Debatte ueber Zwischenlager, Sueddeutsche Zeitung,1995-02-02, Februar 2 1995,  160
2019-05-19-UmweltschutzMeinegrößteSü.txt," Umweltschutz; ""Meine größte Sünde ist dass ich alleine auf 60 Quadratmetern lebe", süddeutsche.de,2019-05-19, 19 Mai 2019,  1098
2012-02-21-UndniemandwasmecktBayern.txt, Und niemand was meckt; Bayern hat sich gewandelt die heile Welt ist zerstört - und heimlich hat der Pumuckl daran mitgewirkt, Süddeutsche Zeitung (inkl. Regionalausgaben),2012-02-21, 21 Februar 2012,  1011
2013-08-20-UnerschöpflichesFüllhorn.txt," Unerschöpfliches Füllhorn""; Wie die Atomindustrie den Deutschen den Sinn für die Gefahren vernebelte - und deshalb unterging; Ohne öffentliche Förderung hätte die Nuklearindustrie in Deutschland nie Fuß gefasst; Die Atomindustrie scheiterte auch am Vorgehen derjenigen die für sie eintraten", Süddeutsche Zeitung (inkl. Regionalausgaben),2013-08-20, 20 August 2013,  1283
2001-05-12-UnterBayern.txt, Unter Bayern, Sueddeutsche Zeitung,2001-05-12, Mai 12 2001,  359
2011-04-09-UnterBayernSöderundder.txt, Unter Bayern; Söder und der Schwarze Block, Süddeutsche Zeitung (inkl. Regionalausgaben),2011-04-09, 9 April 2011,  363
2011-03-19-UnterBayernWellkommenauf.txt, Unter Bayern; Well-kommen auf Bayern 2, Süddeutsche Zeitung (inkl. Regionalausgaben),2011-03-19, 19 März 2011,  366
2013-03-15-UnterDruckGrünenPolitiker.txt," Unter Druck; Grünen-Politiker Siegfried Benker über Bürgerproteste Kompromisse und seinen Abschied von der Macht; Rot-Grün im Rathaus: Wir wollen mitmachen. Und wir schlucken dafür einiges.""; Alternativ; Silber; Bunt", Süddeutsche Zeitung (inkl. Regionalausgaben),2013-03-15, 15 März 2013,  2613
2019-11-04-UrknallundKaffeeklatschDie.txt, Urknall und Kaffeeklatsch; Die Grünen aus dem Landkreis feiern in Gröbenzell ihr 40-jähriges Bestehen mit Weggefährten der ersten Jahre und einer munteren Schar von Mandatsträgern. Hans Well und die Wellbappn erinnern an die vier Gründer und sparen nicht am Spott über Olching, Süddeutsche Zeitung (inkl. Regionalausgaben),2019-11-04, 4 November 2019,  652
1998-01-15-VONWOLFGANGROTH.txt, VON WOLFGANG ROTH   , Sueddeutsche Zeitung,1998-01-15, Januar 15 1998,  619
2017-06-18-VersteigerungKeinerwillL.txt, ; Versteigerung; Keiner will Lenin und Stalin, s|ddeutsche.de,2017-06-18, 18 Juni 2017,  415
2016-06-18-ViergegenKiKInPakistanbr.txt, Vier gegen KiK; In Pakistan brannte eine Textilfabrik mehr als 200 Menschen starben. Nun wollen Überlebende und Angehörige den Auftraggeber Kik zur Verantwortung ziehen. Sie haben in Dortmund eine Klage eingereicht die es so noch nicht gegeben hat   , Süddeutsche Zeitung (inkl. Regionalausgaben),2016-06-18, 18 Juni 2016,  2287
2016-10-31-VollaufdenSenderFinanzmin.txt, Voll auf den Sender; Finanzminister Markus Söder ist wegen einer Recherche sauer auf den Bayerischen Rundfunk. Früher genügte da ein Anruf doch inzwischen gibt sich der BR renitent und motzt zurück, Süddeutsche Zeitung (inkl. Regionalausgaben),2016-10-31, 31 Oktober 2016,  1303
1994-12-21-VollzugdesneuenPolizeiaufga.txt, Vollzug des neuen Polizeiaufgabengesetzes: Opposition will die Augen offen halten. Ungebremste Datensammelwut befuerchtet / Gewerkschaft haelt Regelung fuer widersinnig, Sueddeutsche Zeitung,1994-12-21, Dezember 21 1994,  547
2008-08-06-VomAgrarlandzumHightechSta.txt, Vom Agrarland zum Hightech-Standort: Aus Mangel an Rohstoffen versuchte es Bayern mit Geist; Der Lobbyist im Staatsamt; Der Rest der Republik hielt die Bayern für größenwahnsinnig doch unter FJS wurden der Grundstein für den technologischen Erfolg gelegt auch mit Hilfe seiner Spezln, Süddeutsche Zeitung (inkl. Regionalausgaben),2008-08-06, 6 August 2008,  1182
2001-09-08-VomJungAnarchistenzumFreid.txt, Vom Jung-Anarchisten zum Freidemokraten Haidhausen: Nicht alle FDP -Politiker muessen wie Westerwelle sein, Sueddeutsche Zeitung,2001-09-08, September 8 2001,  567
2012-01-17-VomPlatzenderBlosnDieBie.txt, Vom Platzen der Blosn; Die Biermösl-Brüder treten zum letzten Mal auf - ein Interview über ihre Trennung und afrikanische Weißwürste, Süddeutsche Zeitung (inkl. Regionalausgaben),2012-01-17, 17 Januar 2012,  2908
1994-11-23-VomtaeglichenWiderspruchAu.txt, Vom taeglichen Widerspruch. Aus der Rede von Heribert Prantl, Sueddeutsche Zeitung,1994-11-23, November 23 1994,  1107
1998-07-16-VonderWAAzumIndustriepark.txt, Von der WAA zum Industriepark   Wie nach der atomaren Totgeburt das Gewerbe erbluehte, Sueddeutsche Zeitung,1998-07-16, Juli 16 1998,  485
2010-10-07-VondersagenhaftenEmmiBöck.txt, Von der sagenhaften Emmi Böck, Süddeutsche Zeitung (inkl. Regionalausgaben),2010-10-07, 7 Oktober 2010,  387
2009-06-04-Vor20Jahrenkamdaspolitisc.txt," Vor 20 Jahren kam das politische Aus für Wackersdorf; Ich bin kein Atomfetischist""; Bayerns Umweltminister Söder über die Schlachten von damals und die andere Seite der Barrikade", Süddeutsche Zeitung (inkl. Regionalausgaben),2009-06-04, 4 Juni 2009,  1045
2019-03-05-Vorschau.txt, Vorschau, Süddeutsche Zeitung (inkl. Regionalausgaben),2019-03-05, 5 März 2019,  579
2010-11-13-VorsichtSchlüsselprojektWi.txt, Vorsicht Schlüsselprojekt!; Wird ein Bau wie Stuttgart 21 mit nationaler Bedeutung aufgeladen heißt das: Es steht schlecht darum, Süddeutsche Zeitung (inkl. Regionalausgaben),2010-11-13, 13 November 2010,  473
2006-11-27-WAAwiederaufbereitet.txt, WAA wieder aufbereitet, Süddeutsche Zeitung,2006-11-27, 27 November 2006,  299
2018-09-20-WEITEREBRIEFE-12.txt, WEITERE BRIEFE, Süddeutsche Zeitung (inkl. Regionalausgaben),2018-09-20, 20 September 2018,  495
2018-05-14-WEITEREBRIEFE-5.txt, WEITERE BRIEFE, Süddeutsche Zeitung (inkl. Regionalausgaben),2018-05-14, 14 Mai 2018,  475
2015-06-29-WEITEREBRIEFE-9.txt, WEITERE BRIEFE, Süddeutsche Zeitung (inkl. Regionalausgaben),2015-06-29, 29 Juni 2015,  457
2013-11-11-WIRTSCHAFTSBÜCHERKritischeM.txt, WIRTSCHAFTSBÜCHER; Kritische Masse Ein Fotobuch über die Atomkraft in Deutschland, Frankfurter Allgemeine Zeitung,2013-11-11, 11 November 2013,  844
2018-06-28-Wackersdorf.txt, Wackersdorf, Süddeutsche Zeitung (inkl. Regionalausgaben),2018-06-28, 28 Juni 2018,  124
2018-09-26-WackersdorfFilmimDorfenerK.txt, Wackersdorf-Film im Dorfener Kino; Ex-Landrat Schuirer kommt zu Gesprächsrunde, Süddeutsche Zeitung (inkl. Regionalausgaben),2018-09-26, 26 September 2018,  285
1995-02-24-WackersdorfMilliardeerstzur.txt, Wackersdorf-Milliarde erst zur Haelfte investiert, Sueddeutsche Zeitung,1995-02-24, Februar 24 1995,  95
2011-03-05-WackersdorferAltlastBayerns.txt, Wackersdorfer Altlast; Bayerns SPD plädiert für das Streichen der Lex Schuierer im Verwaltungsverfahrensgesetz, Süddeutsche Zeitung (inkl. Regionalausgaben),2011-03-05, 5 März 2011,  590
2018-09-15-WackersdorfohneWackersdorf.txt, Wackersdorf ohne Wackersdorf, Süddeutsche Zeitung (inkl. Regionalausgaben),2018-09-15, 15 September 2018,  258
2013-06-25-WarmumsHerzAchTollwood.txt, Warm ums Herz; Ach Tollwood. Seit 25 Jahren gibt es jetzt das große Kulturspektakel im Olympiapark das schon viel überlebt hat: Regen Schlamm Spott und BAP. Unser Autor erinnert sich an viele schöne und nicht ganz so schöne Abenteuer - er weiß auch genau wie es mit dem Festival weitergeht; Der Geist von Tollwood ist ein zutiefst rebellischer fast revolutionärer, Süddeutsche Zeitung (inkl. Regionalausgaben),2013-06-25, 25 Juni 2013,  1370
1994-12-01-WartenaufdasWirtschaftswund.txt, Warten auf das Wirtschaftswunder von Wackersdorf, Sueddeutsche Zeitung,1994-12-01, Dezember 1 1994,  387
2011-04-07-WasbedeutetKWU.txt, Was bedeutet KWU?, Frankfurter Allgemeine Zeitung,2011-04-07, 07 April 2011,  1136
2014-10-27-WasserkriegDerEdekaKonzern.txt, Wasserkrieg; Der Edeka-Konzern will im oberpfälzischen Teublitz eine hochmoderne Abfüllanlage für Getränke bauen. Geplant ist jährlich 500 000 Kubikmeter Trinkwasser zu fördern. Die Politiker freuen sich auf Steuereinnahmen und Arbeitsplätze. Die Bewohner leisten Widerstand, Süddeutsche Zeitung (inkl. Regionalausgaben),2014-10-27, 27 Oktober 2014,  1079
1995-02-17-WegenWAAProtestenAchtJahr.txt, Wegen WAA-Protesten: Acht Jahre nach Demo verhaftet, Sueddeutsche Zeitung,1995-02-17, Februar 17 1995,  237
2011-12-24-Weihnachtskartendiewirgern.txt, Weihnachtskarten die wir gern lesen würden: Ein satirischer Rundumschlag; Sehr geehrte Damen und Herren vom Aufsichtsrat, Süddeutsche Zeitung (inkl. Regionalausgaben),2011-12-24, 24 Dezember 2011,  1621
2010-09-20-WeitereDemosgeplantJusosw.txt, Weitere Demos geplant; Jusos wollen Anti-Atom-Bewegung im Landkreis stärken, Süddeutsche Zeitung (inkl. Regionalausgaben),2010-09-20, 20 September 2010,  291
2016-07-02-WeißblaueGeologieBayernsK.txt, Weiß-blaue Geologie; Bayerns Kampf gegen ein Endlager / Von Albert Schäffer, Frankfurter Allgemeine Zeitung,2016-07-02, 02 Juli 2016,  723
2018-10-09-WeißwurstundWackersdorf.txt, Weißwurst und Wackersdorf, Süddeutsche Zeitung (inkl. Regionalausgaben),2018-10-09, 9 Oktober 2018,  186
1998-03-21-WennBuergernichtmehrbravs.txt, Wenn Buerger nicht mehr brav seinwollen HERIBERTPRANTL Zehn Einladungen zum Widerstand in der Demokratie, Sueddeutsche Zeitung,1998-03-21, Maerz 21 1998,  3076
2008-07-28-WennesumIdeologiegehtspi.txt, Wenn es um Ideologie geht spielt Geld keine Rolle, Frankfurter Allgemeine Zeitung,2008-07-28, 28 Juli 2008,  537
2007-11-10-WernerMüllerPolitmanageroh.txt, Werner Müller; Politmanager ohne Kohle, Frankfurter Allgemeine Zeitung,2007-11-10, 10 November 2007,  1517
2018-02-28-Wersolldasnurkontrollieren.txt, Wer soll das nur kontrollieren?; Im Hamburg könnten erste Fahrverbote schon bald umgesetzt werden - im Südwesten und in NRW kritisieren Kommunen den drohenden Verwaltungsaufwand, Frankfurter Allgemeine Zeitung,2018-02-28, 28 Februar 2018,  1228
2018-03-13-WerwilldafürhaftenDieRi.txt, Wer will dafür haften?; Die Risiken der Atomenergie und die Versicherungswirtschaft in der Bonner Republik, Frankfurter Allgemeine Zeitung,2018-03-13, 13 März 2018,  1305
1998-01-15-WerzumSpaziergangeinlaedt.txt, Wer zum Spaziergang einlaedt wird bestraft Sonntagsausfluege zum Garchinger Forschungsreaktor- eine ungenehmigte Demonstration? Ein Kernkraftgegner muss 840 Mark Strafe zahlen weiler beim Wandern rund um das Atom-Ei gern Gesellschaft hat, Sueddeutsche Zeitung,1998-01-15, Januar 15 1998,  1309
2004-02-28-WiderstanddurchalleInstanze.txt, Widerstand durch alle Instanzen; Atomkritiker klagen gegen schwäbisches Zwischenlager, Süddeutsche Zeitung,2004-02-28, 28 Februar 2004,  276
2017-04-11-WiederWiderstandJetztwerde.txt, Wieder Widerstand; Jetzt werden nach und nach die Atomkraftwerke abgebaut und die Kernkraftgegner sind immer noch nicht zufrieden. Warum das so ist zeigt das Beispiel Neckarwestheim wo am Montag der Abriss begann, Süddeutsche Zeitung (inkl. Regionalausgaben),2017-04-11, 11 April 2017,  924
2010-09-08-WieeinstinWackersdorfMan.txt, Wie einst in Wackersdorf; Man könnte meinen Stuttgart bekomme eine Atomanlage: So hysterisch ist der Streit um den Bahnhof, Süddeutsche Zeitung (inkl. Regionalausgaben),2010-09-08, 8 September 2010,  616
2018-05-02-WieimHimmelsoaufErdenS.txt, Wie im Himmel so auf Erden; Seit ihrer Gründung müht sich die CSU mit dem schwierigen Verhältnis zwischen Staat und Religion ab. Doch eine Konstellation wie in diesen Tagen gab es in Bayern noch nie, Süddeutsche Zeitung (inkl. Regionalausgaben),2018-05-02, 2 Mai 2018,  1058
2008-09-26-WirbrauchensiebenMilliarde.txt,"Wir brauchen sieben Milliarden""; Eduard Malczan von der Kreisklinik demonstriert in Berlin", Süddeutsche Zeitung (inkl. Regionalausgaben),2008-09-26, 26 September 2008,  423
2014-07-01-Wirmüssenendlichaufhören.txt," Wir müssen endlich aufhören so kurzfristig zu denken""; Fracking-Gegner wie Sonja Schuhmacher wollen ein Verbot im Bergrecht durchsetzen. Sie haben hartnäckigen und massiven Widerstand angekündigt", Süddeutsche Zeitung (inkl. Regionalausgaben),2014-07-01, 1 Juli 2014,  792
2014-05-15-WirsteigerndasBruttoGlücks.txt, Wir steigern das Brutto-Glücksprodukt; Ohne die Dreiprozenthürde machen sich bei der Europawahl selbst Kleinstparteien Hoffnungen - wie die ÖDP / Von Julian Staib, Frankfurter Allgemeine Zeitung,2014-05-15, 15 Mai 2014,  1033
1995-11-16-Wirtschaftsministerwillschne.txt, Wirtschaftsminister will schnellstmoegliche Realisierung Dem Forschungsreaktor wird Dampf gemacht. Projektgegner fuer Genehmigungsstop / Muenchner OB fordert Brennstoff-Tests, Sueddeutsche Zeitung,1995-11-16, November 16 1995,  480
1997-02-27-WyhlKalkarWackersdorfNiede.txt, Wyhl KalkarWackersdorf:Niederlagen der Atompolitik   Stationeneiner Form der Energiegewinnung die denSchatten von Tschernobyl nicht mehr los wird, Sueddeutsche Zeitung,1997-02-27, Februar 27 1997,  1173
1997-09-09-Zahlenspiegel.txt, Zahlenspiegel   , Sueddeutsche Zeitung,1997-09-09, September 9 1997,  123
1998-12-23-ZastermanndrohtederBahnu.txt, 'Zastermann' drohte der Bahn ueber 20 Mal   Schon Mitte der achtziger Jahre lieferten AttentaeterSchlagzeilen / Es ging meistens um Geld, Sueddeutsche Zeitung,1998-12-23, Dezember 23 1998,  336
2017-08-25-ZurückamZaunDieWiederaufa.txt, Zurück am Zaun; Die Wiederaufarbeitungsanlage Wackersdorf war einst das umstrittenste Bauprojekt Deutschlands. Tausende Polizisten bewachten die Baustelle Hundertausende Gegner demonstrierten. Heute ist das Gelände ein Gewerbepark und die Rivalen von damals tauschen Erinnerungen aus, Süddeutsche Zeitung (inkl. Regionalausgaben),2017-08-25, 25 August 2017,  1092
2008-11-28-ZwischenlagerfürAtommüllrec.txt, Zwischenlager für Atommüll rechtens; Bundesverfassungsgericht weist Klagen gegen drei bayerische Atommeiler ab, Süddeutsche Zeitung (inkl. Regionalausgaben),2008-11-28, 28 November 2008,  455
2005-07-30-dieBonzenwollenzuvie.txt, . . . die Bonzen wollen zu viel!, Süddeutsche Zeitung,2005-07-30, 30 Juli 2005,  385
2018-10-09-ÖkonomiedesKlimawandelsDie.txt, Ökonomie des Klimawandels; Die Amerikaner William Nordhaus und Paul Romer bekommen den Wirtschaftsnobelpreis 2018 für ihre Forschungen über Wachstum Natur und menschliche Kreativität, Süddeutsche Zeitung (inkl. Regionalausgaben),2018-10-09, 9 Oktober 2018,  906
